reviewText,Positive
This is a one of the best apps acording to a bunch of people and I agree it has bombs eggs pigs TNT king pigs and realustic stuff,1
This is a pretty good version of the game for being free. There are LOTS of different levels to play. My kids enjoy it a lot too.,1
this is a really cool game. there are a bunch of levels and you can find golden eggs. super fun.,1
"This is a silly game and can be frustrating, but lots of fun and definitely recommend just as a fun time.",1
This is a terrific game on any pad. Hrs of fun.  My grandkids love it. Great entertainment when waiting in long lines,1
This is a very entertaining game!  You don't have to be smart to play it.  I guess that's why I like it...it's easy and fun and that's what games are suppose to be.  Be warned: this game is highly addictive.,1
this is awesome and you don't need wi ti to play trust me. it is really fun and addicting. there are like 100 levels it is even free don't waste your money on the expensive one I mean seriously. get the app,1
this is awesome I bet no one even reads the reviews because they know this game is so good that they don't need to,1
This is basicly the free version but with ads. That's actually awesome!!!! It's addicting and free at the same time really. I'd reccomend it.,1
this is by far the best free app that is available anywhere. it has helped pass the time when nothing else would do. don't pass this one up. PS I hate this 20 word minimum!,1
"This is definitely a great game.  I have to get my 6-year-old grand-nephew to teach me the tricks.  I have figured out some of them, but some configurations are tough to beat.  I don't particularly care spending about 45 minutes  completing a level, but ",1
this. is fun an time consuming. works great on my kindle fire I really like this game so does my btother,1
"This is good if you like physics games, free games, or bird games. Not like free version on ipod. You get all the levels and the only adds pop up in the corner and are barely noticeable.",1
This is great! This is my tried & true game to cure boredom! Its great to try & get 3 stars on every level!,1
this is one of the best apps in the world along with all the other angry birds games. great for passing time by.,1
This is super fun though a little frustrating at times!!!!!!!!! I loved it before I got my kindle I would beg my brother and dad to play. But when I get it I play it all the time!!!!!!,1
"this is the ad free version of angry birds. this is the old fashioned version of the angry birds series. it is s huge and partially difficult game. if you have played angry birds before or this is the first time, you'll love it",1
This is the best app ever. It makes it way easier to babysitt a mental kid. this app is very fun.,1
this is the best app I ever downloaded for most of you people who say 1 2 3 or 4 stars you don't know much about what your supposed to do I purfor 5 stars for this app,1
THIS IS THE BESTEST GAME EVER OMG. IM SO EXCITED :TO PLAY OMG!!!!!!! OMG OMG OMG I LOVE ANGRY BIRDS SO MUCH ITS DA BOMB DIGGETY SO COOL OMG OMG OMG OMG OMG,1
This is the best game ever!!!!!  it is so fun and addicting. there is so many different episodes that are amazing. love it!,1
this is the BEST game ever you should buy it the most awesome game in the whole wide world.  :D,1
this is the best game they could think of.I downloaded it and my fav. character is the original pig.yay love it,1
this is the first angry birds. so when you get in2 this one it'll leas to you wanting angry birds seasons and angry birds Rio. But they're all fantastic!!!!!!!!,1
"This is the first app that I installed onKindle Fire, Full Color 7"" Multi-touch Display, Wi-Fiwhich I purchased recently from Amazon. Angry Birds (free version) works smoothly on Kindle fire.Love the smooth graphics! It responds perfectly and It is a ple",1
"this is the full version except it has ads. It is one of the best free apps on the app store. For IOS, the free version is like a demo. This is a better buy. You save 99 cents on the exact same thing as the paid version. I recommend it to everyone. A mus",1
this is the game to get. those other bad comments r stupid. this app doesn't need wifi.  I like this app a lot its free and who doesn't love angry birds!!!,1
this is the go to game for me... love it.  I find this much better than most other games out there,1
this is the one of the best apps becase it is a good time consuming games were ever you go becase you do not wifi,1
"This is the original anfry birds game but it only works on the original Kindle Fire and not on the new HD version.NEW NOTE - This has now been updated to work on the new Kindle Fire HD. Of course that did not happen until I bought the paid version, but n",1
"This is very popular game I've been hearing for a long time till my friends dared me to download it and play it.  Be damned that I got addicted to this game.  I love it so much.  I just turned my husband into this game, too.  Soon, I'll get my son on it,",1
"This keeps me busy all the time. I am really happy about this app, I have never ever had any problems.P.S.Good luck with those green little boogers!",1
This physics based game is perfect for people of all ages to spend extra time on a mobile device. Yet it still offers some challenge. It works very well on the kindle fire.,1
"This seems to be popular when my kindle fire is out of my hands.  Lots of fun and free time for me plus the graphics are very, very nice.",1
This so much fun! My daughter has vthis app for her IPhone but I never realized how much fun it is until I downloaded for my Kindle Fire. I highly recommend getting this app...works great on the Kindle Fire!,1
"This was a very entertaining and challenging game with several levels to seek improvement. The ads did not overrun it and, for free, this was an excellent program.",1
"This was my first time to play Angry Birds and I don'tthink I could have had a better first impression!  Because of this, I will purchase every Angry Birds gameI can get my hands on!  Now I see what all the 'fuss' is about!!!",1
this was one of the first apps I got on my kindle fire and I love playing it. it is great for passing the time. the ads don't bother me at all they are in a small little box at the top right of the screen and I hardly notice them. it is not worth paying ,1
This was the 1st app I ever downloaded on my Kindle Fire and I LOVE it! And you do not need wi-fi to play it!  I think it's a great app and time-waster.,1
this was the best game of all time to come to a phone. I would put it up there with snake on the old nokia bricks.,1
"Very addictive. I can play this for hours. The first game I installed to my fire, and my most played.",1
"Very fun and challenges you, I always try and get three stars, nice graphics and gameplay, always a good way to kill time.",1
Very fun and very addictingSo good u should pay money for itOnly winners play this game so get it!!!!!!!!!!!!!!!!!!!!!!!,1
very fun game and all the other people who say it freezes and don't work you must have to many games on you're. device,1
"very fun very fun very fun very fun, keeps me busy. I cannot stop playing. very challenging,  this game can make you angry,sometimes , but then I win.",1
"Very high quality for a game. Fast, and crystal clear. Amazing that a game so popular, would be FREE! All levels to accomplish to become an Angry Birds Pro.~ Jessie",1
very very very very very very very very awesome &iexcl;!!!!! !!'! !!!!!!!! !!!!! !!!!! x. !&iexcl;!! cgdixjcv dnjdxjx gcfjxcb fvcv hxgrdh,1
"Watch out!  This is a very addicting game, but it is very fun for all ages!  Good way to kill time, or waste time.",1
We all love this game.  It is fun for all ages.  We all cant wait till someone gets tired of it so we can get the tablet and play it.,1
We downloaded the free version for our tween's new Kindle Fire and everyone (from age 9 to 74) has had a blast playing the game which has many levels and challenges.  The graphics and sounds are great too.,1
Well I'm not what you would call a gamer but this game I found to be addicting. Makes me just nuts enough to try again when I fail.,1
"What can I say that you probably don't already know, unless you've been living under a rock the last few years. It works like a champ on my kindle fire.",1
What can I say?  Ya Can't improve on perfection.  Great for traveling or times when you just need to relax.,1
when angry birds space folding out on kindle fire? jrdhdhdh fhd dud Dvd dud db's dhdjsbd fhdbfjs sjdddhdx dud dud d,1
"Whenever I have probs operating a game, I will keep at it until I get at least 2 stars!  Helps pass the time, and helps to keep my mind active!",1
When I first found about Angry Birds I didn't think much of it until I played it on my friends phone and then I was hooked. I got it for my Ipod and killed the battery on it. My husband bought me a Kindle Fire for Valentines day and playing Angry Birds o,1
When I first got Angry Birds; I loved it and I couldn't stop playing it! I played it whenever I could. Hard levels that take a while to beat; sometimes I had to look up a walk-through to pass them. Plenty of levels. Once I completed all the levels; I sto,1
When I first played this game I was hooked. I would spend hours just to defeat those pigs. My kids are even hooked on this game.,1
"When I have to wait to see say A doctor, DMV, the wife to get done shopping  and so on",1
"Who doesn't enjoy a classic game of angry birds, Tv shows do as they use the game. My friend's teach took her opossum away and started playing angry birds on it. LOL",1
who doesn't like angrybirds?but the paid version is better as it doesn't have all those annoying adds. blocking your shots!,1
who doesn't like angry birds? i love angry birds! I don't know anyone who doesn't!  I love you angry birds! ! ! ! !!!!!!!!!!!!!!!!!!!!!!!!!!!!!!!!!!,1
who doesn't love this app. everyone is my family enjoys playing this gamealways have fun playing angrybirds hope theyp come upwith newbirds,1
"Why does anyone hate this? Wi-fi required?You need wi-fi to download,so why are you complaining?Ads?They're so tiny!How can they bother you at all!Can't download?That doesn't make the game stupid.This is the best game of all time!!!....at least,all time ",1
why do people give it low scores the adds are not disruptive great free game get it do not listen to low scores,1
"WISH I HAD NEVER DOWNLOADED THIS GAME!!!!  I AM PLAYING IT ALL OF THE TIME!!!!  SOMETIMES I GET SOOO 'ANGRY' AT ONE OF THE PUZZLES, BUT CONTINUALLY GO BACK FOR MORE.",1
works great on my kindle fire.It was I think the second free app I loaded an works great still to this day._Never had one problem.,1
WOW angry birds is soooooooo fun expecialy on my kindle fire I love It and if I love it than its the best game in the UNIVERSE!!!!!!!!!!!!!! :-))))))) LOVE G.sonnier,1
"Wow, its great. why do u people complain? trust me and get it. Trust me, I'm a doctor(as far as u know)",1
yes ads are annoying but its FREE! I love to launch those birds at them pigs. It makes me feel all giddy inside ha!,1
Yes. If you are looking for a game for the Fire. This is it. It's a fun game to play.,1
"yipee Angry Birds! I don't have a cell phone so I've been coveting this game ever since my niece showed me how to play. Thank you for offering this on the new Kindle Fire HD, loving it. 5 stars.",1
you can play this app all day and all night. the first day I got it a completed half of the levels! stop reading reveiws BUY IT!,1
you get to kill all these pigs and once you start you cant stop Im usually always on it buy it or else,1
"You have to get it because its a very very very fun! The persons who put 1star are crazy. It'd really stupid that they don't get it.Your wasting your time reading this, get this app or game now!",1
"You know how the full version says, and I quote, Ad-Free? Well, this isn't the full version. This is the free version. And consider how the app only has ads to deal with - it doesn't restrict you to a certain amount of levels. It's not, as I call it, a s",1
You will be so hooked and addicted to this game.Let me just say this is a very funnnn game and will not be able to stop playing.. have fun!!!!  (:,1
you will love this game if you get it. if u gave this game less than a five star rating you would have to be a lunitic,1
They call it three next mario??? Are the 'professional reviewers' high??? Ask you do is fling birds at bones again and again and again. Has zero replay value.,0
"Angry People in my book!  Any moron who would waste their time playing azimuth slingshot and call it a cultural phenomenon is ... what is the word (???) ... oh yes, a moron!!!  Those 5 minutes I played this thing still scar me!",0
Argry Birds is for free to play a games on your kindlefireBecause it for free. and to play right.,0
"cant stand this game. love the concept and played many of the same type. I have to give the developer credit for creating a ton of levels, keeps you going for hours. sounds are irritating. the constant chirps are annoying as heck, play this with the soun",0
Don't really know the point of this game.  It's almost impossible to knock the stupid birds down.  Why waste your time on this one?,0
Eden or mine craft will make apps more buy able. Eden and mine are fun fun fun. together we stand strong for our apps come come. lets fight for Eden and mine craft pocket addition. LETS GO ON STRIKE!!!this is madden.NO THIS IS FREEDEM OF APPS!!!!!!!!!!!!,0
first the game is ok not great. second it is way over rated all it is is a sling shot and you use birds to kill pigs...over rated,0
Game is rather...retarded for lack of a better word.  Wouldn't and haven't recommended to anyone as I dont know anyone that would bother with it.,0
Games it self are good but had to switch to ad free  original angry birds . Didn't like the ads interfering with the game.,0
got thr upgrade it was soooooooooooooooooo. fun lille fish not going to tell much get it it is free and fun,1
"Hey it's Angry Birds, what's not to love!  Easy to use on my new Kindle HD and I could spend hours being angry at those dang birds for not stomping those pigs, first shot!",1
"I can't believe how  hard I try to hit the target and still can't make it, it's good to laugh at oneself and this game is good for that",1
I didn't like it at all .I think it is more for kids. I am really not into many games,0
"I got to the end of he pre-installed version. Confused, I checked online to see that my app was missing an entire level. One post suggested downloading a newer version. It crashes moments after it starts.",0
I hate it they say no at everything l got rid of it when it shut down my kindle it is stupid! !!!!!!!!!????$$$$$*&#9733;&#9733;*&#9733;,0
I hats it never liked it it sucked it was boring I like the Rio one tho that one is good but this just sucked,0
I hear about this app everywhere. Everyone has it on their smartphone or tablet and I see people playing it all the time. This is a terrible app. I played 3 levels before I just couldn't stand it anymore. I hate apps like this Doodle Jump and so many oth,0
"I'll admit, I'm late to the game for getting this wonderful game, but boy am I hooked! What a mindless way to spend hours at a time. Now what will I do when I have to go back to work?",1
"I love angry birds, I have no issue with ad supported games.  I have a real issue with an &#34;ad supported game&#34; that constantly launches full screen ads that last substantially longer than the level you just played.  The in game ads are fine, and w",0
I love the game and levels but I never have time to enjoy how far I get before there is another update that makes me delete the other version with all my progress on it.Now I rarely play it because I always have to play the same levels over and over.Why ,0
I see nothing wrong with this game but I busy don't think it's fun. Shoot a pig with a bird. That's alp you do.,0
it isn't that great it gets too hard and is really frustrating.  I wouldn't get it again. I'm sad I spent the money that I did.,0
it keeps telling me &quot;my payment method need a US credit card&quot; even though i already have! ! what can i do? i really want to play! ! HELPPP,0
"I tried to play this game, but I lost interest and have not tried to play it again.  I will try it again!",0
It's OK but wasn't the type of game I could get into so I deleted it. Someone had told me to try it so that's why I downloaded it in the first place.,0
"I've played Angry Birds on my daughters tablet and had fun. When the Free version was introduced, I thought dealing with a few advertisements would not affect the enjoyment of the game. Boy, was I wrong! Within 5 minutes, I removed the app! Personally, I",0
I wish icoulx.not give it a star rightnow I have it on my ipod but no I cNt download it. its saying I have no credit but its a free app,0
"Look up the Wonder Girls.  They are from Korea, and are trying to make it big in the USA with their English album &quot;2 Different Tears&quot; and their teen nick movie, but nobody will give them a chance because they arent American.  Please support the",1
"Love this game and always play it! another need more words, whats wrong with love this game? good game ok?",1
MIGHTY EAGLE!!!! i have the mighty eagle plush right here right now i got it last monday and that was last week so that's when I got it my dad said my mighty eagle plush was going to come last Tuesday but it came last monday when I came from school my sc,1
Not everyone is a computer game expert and this game comes with no instructions on how to even start it.  Don't like it at all.,0
OMG THIS FARTS :3 WHAT I MEAN IS THAT ITS SO AWSOME!!!!!!!!! CAN U BELEVE I LOVE THE NEW UPDATE BEACUSE THEY ADDED POWER UPS I MOSTLY LOVE THE SLINGSHOT ONE IT MAKES IT GO FASTER,1
The game is stupid and the graphics are primitive.  I want to remove it from my Kindle. I want more games like popping stars that involve cerebral activity.,0
The game was fun at first. Then when you would play more and more because you like it. Then it would get hareder and therefor it would make the game very boring! And don't get Angry Birds Space. Its a wast of money. Everybody please take my advice. So An,0
the update for the power up ain't working for me. uninstalled 3 times still doesn't get the update please fix,0
"This app is on of the worst if have ever used. Its levels are stressful as all of the birds seem to be morons and miss the target everytime. Also you can not ever shut down any apps made by this appmaker, they constantly run and kill your battery. DO NOT",0
"This app was OK but the paid version still has ads, just in different forms. What's worse, now that I've uninstalled it, Amazon won't remove it from my list, a constant reminder that I should never have downloaded this app.",0
this game was hard to download.it would be easier if it was easier.but I love that the game was free.,0
"This is the stupidest game so far, not even my Grandkids like it, and to thik I paid money for it  ugh.",0
"though this would be fun but is boring gets old fast with , no challenge  can't see the what the whole buzz is about",0
Too technical for me. I got so upset that I removed it from my unit in favor of games I like.,0
"Unless you are 7 years old , this is a very boring and hard to manuver application. The game is redundant",0
Using birds to kill is just plain sickmy 3 year old loved it and started &#34;killing&#34; things in his play time,0
"We all love the beloved angry birds characters but this app gets really old I mean really old, its fun the first couple of times but everyone has shirts of it youtube videos of it,I mean really this has a terrible lasting appeal",0
"Who are these 20 godless inbred bafoons giving this game 1 star, that is probably the score of there I. Q.  Lol just kidding, but seriously this is a great game, very good pass time, and your kids will love it. If there is any good catapult castle games ",1
"why do these apps appear on my device if I DON'T CHOOSE THEM?stop doing this it's very ANNOYING, I'm ready to return my Kindle if this keeps up!!",0
"Wouldn't load on my Trio 4.3&#34; tablet.  I can't say I hate or like it.  Perhaps I'll try again later when I get my dream tablet, a 7&#34; Samsung Galaxy Tab 3.",0
Angry birds is so boring all you do is knock down the pigs and then the birds are doing flops and stuff it's stupid.,0
cant install on kindle fire files been corupted witch is bs i cant play my game this game needs to die.  i know bs rovio fix it if you can please.,0
"Didn't like this game. Can't see what all the hipe is about. Took off ""Kindle Fire"" after a two wk.trial period.",0
Don't like it really boring game. probably won't play ever again. buy you sure ask for a lot of words for a review.,0
free game added to kindle over Christmas - has been deleted - alredy had it and was added again. thanks,0
.I don't get why the birds angry.I don't get why everyone likes it. its not that fun of game.,0
i dont like it.  it stinks. it takes so much to make the stupid pigs die. they dont die quick enough. and the birds NEVER go where i want the to go. it is so frustrating that sometimes i want to throw my kindle across the room.  you can do better rovio. ,0
I don't like it so I say if you get it you are either so addicted you don't have a life or you got it for when there is almost nothing else to do or it is for a sinking or you are almost dead or you are dead oh ya also I just like posting random reviews,0
"I don't understand all the high reviews or the great love people have for this game. I'm glad I didn't waste my money on the 99 cent version because I wouldn't buy it at 5 cents. It doesn't take any thought or skill and hasn't any entertainment value, ne",0
I don't under stand what the big deal is about this game my dad loves it and my brothers both like it but I don't under stand but whatever,0
I don't understand why this game is as popular as it is. I found it silly and boring. what is all the hype about?,0
I doundt think there should be a fee to use the mighty ehgle so I rate it a zero star ...... you,0
I guess you can tell by the title that I'm not that young. I don't have a clue what this is all about.It's not relevant to anything I do!,0
I hate this app so much it stinks so I deleted it  all you do is shoot an ugly bird to kill pigs.  REALLY ROVIO???,0
"I thought this was going to be the best game ever but it was boring. The characters are really cute, but it's the same thing over and over again. Fling the bird, try to smash a pig. Maybe it's just a quirk, but it's so SLOW. It takes ten to fifteen secon",0
"It might seem fun at first but,after awhile it gets totally boring.I got ,my kindle for X-mas,and this was my first app.but,as I said.....it might seem fun at first.worst app ever.",0
"It's not the regular version, so I don't like it or use it.  Perhaps an Angry Bird afficionado will like it.",0
"It was ok for the first few rounds which presented a challenge, but id like to be able to win a couple rounds...?",0
I used to love this game now its so boring its so 3 years ago I don't get why Ppl still have this game they gotta make this game more exciting not just u defeate,0
IvV GIVEN YOU THE NEWS OF BLOCK STORY A OPEN SAND BOX GAME ITS LIKE MINE CRAFT WITH A RPG TWIST AND HAS A GREAT WEBSITE WITH LOTS OF PEOPLE TO ANSWER YOU QUESTIONS.,0
Mostly kids game and it gets boring after a while Not a good game for very young kids as it teaches them to be aggressive and angry,0
Omb! I am in love with this game! NOT!!!! This game gets SOOOOOO BOOOORING after like the first two levels! WTF? This is really what everyone was &quot;so excited&quot; about? Well I don't know what they see in this game. Its so boring.,0
The grandchildren like it and it keeps them busy during grocery shopping but I don't get what the big rage is all about.,0
This app is just plain boring all you do is kill pigs(disappointed).What is the point of this app???DO NOT GET THIS APP!!!!!!,0
this tame is soooooo boring. Even though it is free it is not a good buy.  :( all u do is fling birds @ buildings.,0
Too many pop ups in trying to play the game!!! Very frustrating when trying to play then have to deal with the pop ups.,0
"TURN OFF WIFI AND NO ADS, , , , ,  , ,  , , , , , , , , ,",0
Why does this game have death in it? It is not the best game for children! Children shouldn't be playing games like that! I really don't like this app!,0
"You know, this whole phase is killing the handheld gaming industry. No longer will casuals get the new handheld, no... They just play their terrible slingshot game on their phone and that's enough for them. And you know what, I don't really care about th",0
and extremely fun. The ads aren't bad and don't interfere with the playing at all. I can't believe I waited this long to get it.,1
Angry birds is the best! Best part is that you can still play Angry Birds with out having to be hooked up to Internet. Love love this game!!,1
As with all the angry bird games this is a great game for anyone.  It is challenging and fun as well as a learning tool.,1
"Buy the ad free. Worth the pennies it costs. Love Angry Birds! Developers are geniuses. Fun, fun game to play alone or with someone else.",1
"Free and fun, what could be better?  I enjoy playing Angry Birds on PS3 so I had to have this app for my Kindle, it's a nice mini version.",1
"Free and fun, what could be better?  The birds are angry, it's everything I expected, and anyway, those pigs had it coming!",1
gives me a chance to decompress in a silly way.  Love the complaining and cheering they do when each level is either won or lost.,1
"good and fun game, i purchased this game from amazon.com i dont have it on my phone so i just downloaded it to my kindle",1
great app highly recommend very easy to use or navigate a must have for very kindle owner very fun to play,1
I am addicted to this game. Lots of fun. Sometimes one needs a mindless game to play and relax from the normal everyday toils.,1
"if you don't know what this series of games is, then it won't do any good trying to explain it to you.  Find someone with a tablet / smartphone, or even a roku xs, and become addicted to solving the puzzles.",1
I have never played Angry Birds. I uploaded this on my Kindle Fire and it is very fun to play on! Even though the levels get really hard but I totally reccomend this and its also free so your getting a good deal here. :),1
I love angry birds; I have all of the AB games on my kindle fire hd. The original is my favorite!,1
"I love angry birds its really addicting, and i love that it has differnt ways to play the game. Love it",1
I play this games almost every day.  Got some updates that make it a new experience.  Waiting for more updates.  But the ads are getting in my way.,1
"It allows a good progression in levels, has great sound affects and is fun.  I love playing it.  I mean, pigs and birds, how fun is THAT.",1
It is really fun to play and increase skills and make it more harder at each level but it is really fun to play.,1
"Its Angry Birds, very addictive game. Easy to play, very fun, very addictive.Still improving my game, but son already surpassed me a long time ago.",1
I've allways hear about angry birds games but never play it before till now its fun to play. I like it.,1
"My daughter has this on her ipod so when she got her Kindle Fire, she had to have it on there as well!  Loves this game!",1
My grandson has this and I like to play on his Hook.  And when I got my Kindle I wanted it too so I will enjoy it. And it was free. Free makes a difference.,1
Never had played this before but love it.  Would recommend this for anyone with some idle time looking for a good game.,1
Purchased this for my Grand Kids and this game is really loved by them they beat me at every game.,1
So much fun.it's makes me laugh when I hear the pigs making the noises...they smile at you though when you don't beat the level.like they are mocking you...lol,1
"The goal is to take the various birds who have various actions,  and stretch them back on their rubber band,  and aim it at the green pigs, and knock them out!!!",1
"the graphics, movements... everything overall is smooth. there isn't a glitch in sight. and ads? what ads!? for most of your game play you wont notice them, and when they do pop up every once in a while, they creep up unnoticed in a tiny space on the top",1
This game is great the hole family play's it and we are not young people.My sister started it and then got me started and we are in our 80's my brother is in his 70's and guess what can't stop him so I would say it's quite A game.,1
This game works great and has no running problems. I also love that my kids love it and there are no bad or evil images to worry about.,1
This was the first game app that I downloaded for my kindle fire and it is the app that I continuously go back to and play the most. Many free apps that I download usually get uninstalled very quickly....not angry birds! Great way to pass some time. The ,1
got this kindle fire for Christmas. trying to download free angry birds and it is not working. started to down load over 2 hours ago. an it is only at 2 percent still. piece of crap:(,0
I do not care for this game I think it is a boring game and very very pointless :kindle fire,0
"Its hard to control. Adjusting my fingertip up and down on the screen seems to do nothing and it launches birds when it feels this is required, not when I do. Sometimes completely ignores my attempt to launch entirely.",0
My husband downloaded this and I still don't see the point of this game.  Why is it so popular?  I mean my kids are playing it and they don't get what is going on.  Only that you get to fling birds at pigs?  WHY,0
not good...games bad...not good ffor kids...they r throwing birds! really people...sue them dumb people! sue who made Angry birds. xhhshsjsjsnsn shshs,0
Played once and then the app would not load because of the add. DELETED IT Would not load or run.,0
this game has to many unbeatable. parts it absolutely ducks 1star eeeeeeeeeeeeeeeeeeeeeeeeeeeeeewwwwwwwwwwwwwwwwwwwwwwwwwwwwwwwww! !!!!!!!!!!!!how can you people waste yo stupid app space 4 dis,0
This is probably one of the most popluar games I've ever played. And to be honest. The first time I played it I thought nothing of it.Just a game where you fling a thing at a thing. Sounds extremely dismissive and cynical but there it is.I sort of grew u,0
"Simple to learn but difficult to master is usually a great sign of game design.  Requires certain amount of thinking and not just finger gymnastics. Much easier to play on a larger screen.On a Dell Streak, need to remove the SD card before installing or ",1
fun game till an ad blocks the screen or some stupid film ad livid you off the game and you lose a shot,0
"the game is very good. But if you install this over your other one with ads it will delete everything , all complete levels and unlocks.It deleted all my progress.",0
This game sucks you do the same lame thing all over again and again. yeah&hellip; you get different birds with different powers&hellip; but its so boring. Most people can say 'it was fun for a minute's but&hellip; on this game&hellip; sadly&hellip; I can,0
i dint understand why everyone is obsessed with this stupid game! it gets too hard and nobody will ever wanna play it. the red bird dosnt even do anything. bottom line.. this sucks dont waste your time dowloding this or the space on your device.,0
it's quite boring. I don't get the hype about it. those stupid birds go exactly where I DON'T want them to go. I aim it all right and they just fail. I'm glad this is a free version I wouldn't buy it but some other people might somehow get some fun out o,0
"I'm not a big game player on my phone. I have a rockin PC with a 19&quot; monitor for game play. So, when I say Angry Birds is good, I really mean it. Fun, addicitive and challenging enough to keep the player interested... without making it impossible to",1
Who doesn't likel the birds!  These guys are fun to watch and play. I love the various levels and designs created for the characters. Can't wait to see/play future games.,1
If I need to waste ten minutes just waiting for someone this is a great game. It can get addicting.,1
A game like this for free what a steal get it I promise you won't be disappointed robin is the best and never disappoint.,1
"easy to play and understand, characters are cute, the game is colorful, i like that you are able to do the level over and over until you pass",1
"Once you try it, it can be addictive.  And you definitely cannot beat the price.  I have to put it away, or I don't get my daily chores completed.",1
"It is the standard and original version of the game.  Many levels, lot of challenge.  Easy to play with no lag or issues with loading.  Works just like it should.",1
I am very addicted to angry birds! This is a great app and work perfect on my kindle fire! Its free and that is a plus too!,1
"The one that started it all, Angry Birds ground breaking, LOL game. No tablet is complete without it. Get it, not because you want it or like it, but because every one and their dog has it.",1
I love this game.It was worth the wait of downloading it. It would not let me get it til I registered a gift card/credit card.Every age can enjoy it.,1
"I downloaded this to my son's Nabi Jr, it's one of his favorite games.  He has all the angry birds free apps downloaded and can play them better than most adults at only 5 years old.",1
Good for all ages! Tho it does definitely get harder the further you make it into the game. Very fun,1
Well besides the fact I love angry birds it's fun and cool plus it's many levels for free. It's not disappointing,1
"Free Angry Birds... Just amazing, funny and with many different (and complicated) levels to spent your time. Just like every Angry Birds game.",1
"As with all the angry birds games, this one is fun and addictive. Free version is ad supported which can make it slower on older phones. . .",1
Great game and helped me pass the time. Wish there were more levels but I can't complain for a free game.,1
Angry birds. I like em. I get em. I play em. I get more when they come out. word word,1
This was fun. It took a while to know certain things down. But I got eventually got my money's worth.,1
"Very addicting game for ages 3 and up. It was funny when my son first tried it, he sent the birds backwards, now, he is good at the challenges and plays to other levels. I was hesitant about the game and was glad I finally checked it out and discovered h",1
It's fun and easy to do. Some levels are difficult but it is very addictive. One of the best games out there.,1
This was a free app so i was shocked to see that all of the levels are included on this.  Lots of hours to play on this.,1
"This game has kept me entertained for WEEKS. I must admit, I was reluctant to jump on the 'Angry Birds' wagon, but I am ever so glad I did! This is a clever, if simple game (sometimes those are the best) and while they offer upgrades and unlocks if you p",1
I love this game=] There's nothing I don't like about this game. I first tried Angry Birds on my mom's phone and I was immediately hooked.,1
Thank u for making this app!! Its sooooooo addicting!! That's why I love it! &lt;3&rarr;&hearts;!! I reccomend this app to anyone that wants to waste time playing games&hellip; 5&#9733;'s,1
Same addicting game that caused me to drain my phone battery so many times. The larger screen on the Kindle makes it a bit easier and that's why I got it.,1
"I ran down the battery on my daughter's phone, found three versions for my PC, and now have two games on my Fire.  They are all great fun, almost addictive, a great time-waster - but still great fun especially for a free game that last for hours and hour",1
I choose a 5 star rating because my son enjoys playing angrybirds and he has not complained about how it works. would recommend to all.,1
"I love it! My kids love it. My wife hates it, but she's a Luddite so that doesn't count. Very addictive game.",1
"It has been such a long time since I downloaded this onto my kindle, I cannot remember if its the original or not?! Either way, its an angry birds game so you know its great!",1
I think that my 5 year old loves this game the most of all of us in the family. She always says Bingo when she gets the high score in a level. I would recommend this game to one and all!!,1
Love this game great stress reliever...Love the display on kindle fire. I play for hours and over time I try to better my scores by going back and replaying the levels.,1
"love to play this game on regular computer,  My eye sight is not good so can't play on phone but sure can play it on the computer.",1
My two-year-old loves this game because they have a little videos at the end and she allowed to watch these little mini cartoons of Angry Birds and it's just fabulous so thank you,1
"Something very soothing about the music of angry Birds, it is wacky and funny but mostly addictive.  Why are they so angry? it is a fun game.",1
Such an addictive game.  Me and my whole family love this game!  You play by yourself and try to clear the level.  Its fun to see how you stack up against your friends and family.  Sometimes we play where you get 2 tries to clear the board then you hand ,1
This game is addictive. I quite playing it when the ads started popping up so much but the grand kids play it often.  They are ad immune I think.,1
this is great for my childs kindle. it keeps her occupied and fills the time while we're travelling and at home,1
"What can be said about Angry Birds.  Its a game everyone loves, and its so addicting!!  Would recommend to anyone with kindle.",1
it is so great to play on my fire! the bigger screne and everthing haha. dont pay 99&cent; just to remove a few adds. not even all the adds! they are just tiny little blips in the top corner. get it get it get it!,1
The one that started it all!! Rovio has done a great job with this concept. Great time killer! Love it!,1
"This is a great game!  With it being a free game it does have some ads, however it is still a lot of fun to play on the Kindle Fire.",1
Theyve added a bunch more adds very anoying. Mi got it when it fisrt came out and now its uber adds.,0
who doesnt love this its addicting my wife wants a divorce over this game but im sticking with the birdies as an angry bird is better than an angry women great game,1
"More fun now that it's on the kindle!  Fun version, nothing like the original to have some good fun with birds!",1
I love angry birds so addicting. I love it love it love it. It worth the download too fun love it,1
We have enjoyed Angry Birds Free.  It has been a lot of fun for the whole family.  Easy to use!,1
"I love trying to beat this game. Kids can probably beat me at this. There is one I cannot beat. Hang'em high number 1. I haven't finished any of them, but I'll keep trying!",1
A real challenge.  I think my dad for the knowledge of construction he passed on to me.  Very helpful in collapsing those structures just to get to a frog.  Who wouldn't enjoy that?,1
My 4 year-old grandson absolutely loves it!  He plays it every time he visits me and it keeps him entertained!,1
"Most people think Angry Bird is just got the kids, try it you will love the challenge of getting to the next level. I find when I'm worried about something or I have to wait for an appointment it keeps my mind occupied.",1
"Measures your ability to project speed and location of the target, practice til you get it right, do not get angry, smile!",1
"This game has no problems on a Kindle Fire and has very few ads.. nothing to get upset about. After all, it is the free game with advertisements! Even so, this is a game for all ages. An amazing game no doubt!!!",1
Addictive and challenging... I would recommend to anyone... Love it... Sometimes makes my brain hurt trying to figure out the strategy..,1
"This  Game  is highly  addicting ,  and  a  lot if fun.  The  only thin that I didn't like  so far is the annoying  screen that  asks the user to pay  for the game  while  you are playing. Right in the  middle of the game play, it just abruptly stops  du",1
I love angry birds. I think it is the best game in the world. everyone should play angry birds. I &lt;3 (&deg;^&deg;),1
i enjoy playing lt very much i play it every day lt is very diffence form any gamei plaved before,1
This is fun game for everyone and all ages as the family and friends all get together an play against each other,1
it is angry birds you really dont need to say more then that. i mean come on these games are just fun,1
Great fun for everyone in my family! My kids and I play it on trips! When we can get my husband to put it down.,1
Love playing this game with my son so addictive ughhh LOL I recommend this an all of the angry bird.apps and games,1
for me angry birds is a game to lose some time!  though a great game! I have had my app since either last may or another year back and have yet to have any probs. it does have ads but u can just exit out. great and fun game,1
i love angry birds i have this for my 360 as well as my kindle fire hd! great product! ..,1
I downloaded this game last night and my daughter played until her battery died. With her kindle charged up she has been playing all morning. It's addictive.,1
"The one that started the Angry Birds series, not much more to say other than fun fun fun fun fun",1
This game is awesome it a great way to pass time but hate the ads can Amazon get rid of ads without spending money? But other than that epic game:),1
Heard a lot of people talking about this crazy game and tried it. Sure is fun! I'd recommend it to anyone. Very entertaining!,1
Had never played this game but had heard all the good things about it. It IS addictive. Have got to plan time to play it or I'll play it all the time.,1
i love angry birds.  its an addicting and challenging game.  its much harder than i thought it would be but it gets you thinking along with having fun.,1
"The original game was the best game of all time,  even some of the sequels were good. Now the more recent games with the Power Ups have ruined it.. It's no longer worthy of best game... Should have left it alone.. It was a good thing,  was",0
"VERY INTERESTING TO ME AND GOOD FOR KIDS.  I LOVE THIS GAME JUST STARTED PLAYING IT, BUT IT IS MY FAVORITE GAME.  I LOVE THOSE BIRDS.",1
grand kids play when on a trip well worth the down load thinks it is awesome would get more fast,1
Angry Birds is fun to play and can be somewhat challenging.  This is a good sample of the games you can play.,1
"This game is full of variety, but I find some of the levels frustrating , which is a pain!Sorry for that.",1
Everyone loves this game  It is addicting once you play it you cannot stop one of the best free apps,1
"This is the rating from my 6 year old who has been doing Angry Birds for years now!It is fun for me too, when he lets me play!",1
"When I first got my Kindle Fire, I got several games for my grandkids to play -- this one is the only one they will ask to play.  It is also a hit with my hubby!",1
Angry birds was the first non console or hand held game I have ever played. It was fun from the instant I played it. You just want to keep playing until you can get those snarky pigs! The gameplay is easy. You use your fingers to launch birds across the ,1
"good fun for whole family, keeps you on your toes trying to get to other levels , just an all around fun game to play.",1
"This game is so addicting! There are a few little issues, like the birds not doing what they are supposed  to do when I tap on the screen, but it happens rarely. Awesome game! Can't wait to get the next one :-)",1
I just wanted a game for my Kindle. It is easy to learn and it can be played any where and at any time.,1
Yes!! These birds laugh at me when I miss them so it just makes me want to get them more. I love the way this game is strategy plus entertainment for me.,1
I love this game I play it almost every day and highly recommend this game to all people who have a device that can get this game.,1
This is a fun game and it is hard to stop playing it.  I rated it 5 stars and would recommend to everyone.,1
"I always loved this game, but I'm horrible at it. Anyone give Angry Birds lessons? I'll be the first to sign up!",1
I like playing this game.  It can be addictive to try and get to the next level all the time.,1
Another one of my grandson and granddaughters favorites. young and old at my house like this game. It is fun,1
"Great little game for the kids and its free, i like to play it sometimes myself try it if you don't like it you haven't blown yor gaming budget",1
"I couldn't believe how this game drew me in.  I quickly played all the levels, but then started back through to achieve 3 stars on all levels.  some of them are proving to be a real challenge.  This uses up lots of time, but is hard to put down.",1
"my daughter gets these games, I think thier okay, but she loves them, whatever makes yr kids happy, so they will leave you alone for a little while is okay with me.",1
My wife plays this game on her Kindle and really likes it.  She recommends it to anyone who plays computer games.,1
"I think everyone has played this by now.  Ad supported version, a little annoying but not a serious enough game to get in the way.",1
"Great way to pass the time.....very addictive and as a free app, I have fun trying to increase my score!",1
This game is great fun and has its own culture with it.  I didn't get it at first but after playing it for a short time it is very addictive.  Next thing I know it is 1am and I have to shut it off to get some sleep.,1
"My 4 year old Grandson was having so much fun showing me how to play it on his mini IPad that I decided to see if I could get it on my Kindle Fire!  I found this, and he spent the night w/ me and I showed it to him, and he liked it better than the one he",1
Who does not love this game! And it is free.. If you have never played angry birds then try this one and you will see what all the fuss is about!!,1
"Once I start playing this game,it is hard to stop. I get caught up it and forget about everything else.",1
Angry Birds is one of the first apps we place on my whole families devices.  This is a #1 game at my house.,1
I have angry birds on every device I own and I love to play it although I'm not really that great at the game although I still love to play it.,1
It's Angry Birds. Probably the most famous phone/tablet game in existence. You're going to enjoy it so you might as well just download it.,1
"I am so addicted to this game. Even when I can't beat the level and have to use the eagle, I will go back and keep trying when I am waiting for the eagle to come up again, or get frustrated with the level I was on before...",1
I am so glad angry bird are coming out with different themes like space and beach scenes. My son loves them all.,1
I love this game but because it's free they are a lot of advertisements which come on between every level or so so it's a little annoying but not so much. Download it.,1
Everyone love this game and its very addicted game ever! I cannot stop playing this game! Great graphic and everything!,1
I like it but reds mighty feathers is lost by that I mean they added a horrible update its it was unique now it's like any other level,1
"This program has a problem opening once installed successfully. Tried deleting and reinstalling to no avail. I would like to know, what else can I do?",1
"We loved playing Angry Birds on my mom's iPad, so when I got a kindle fire I was pleased to see that there was a free Angry Birds app for kindle. =)  Love playing it when I have some time to kill, and the kids love it, too.  However, playing on the kindl",1
Who doesn't like angry birds? This was the first game on my kindle and remains one of my favorites. Fun!,1
first time I have played!Very addictive!Would recommend to others to get this app!The Star Wars one is fun too!,1
Kind of boring - the novelty has worn off.  I've already  removed it from the tablet. All set with it.,0
I tried this game because everyone said how much fun it was.  I didn't care for the game and that's the reason for my rating.,0
i always am playing this game it is so much fun it is addicting to play i love it so much,1
"Wow, this is a ver funny and fun game.  I start to play and just can not put this away for the day.",1
Fun game.  You can play for hours.  I like the sounds they make.  I love it when I accidently send the little fellows backwards!!!,1
"Like the game but kinda moved on to other apps. Maybe, return at a later date. Love the big black birds that blow everything up.",1
Addictive game. Wish I would have came up the idea of Angry Birds. Wish they would update to add more levels.,1
It's hard to say I love it when those miserable pigs keep smiling and blinking at me!  It's still fun.,1
"Nice game. I have never played Angry Birds before. So, when I purchased my tablet, one of the first games I downloaded was this. It can become very addictive in a very short amount of time. Nice way to waste some spare time.",1
I love this game!!!  The graphics and music are fun.  It makes me smile.  It's no surprise that it's so popular,1
Great Graphics works great on my kindle fire hd love all the levels. wish I could get it to connect with facebook,1
"This game is addictive - the harder you try, the more you want to beat it.  Good for all ages.",1
Everyone is playing this game....it is a lot of fun and hours of entertainment.  It can be frustrating at some levels but it  makes you want to accomplish the levels....truly a fun game.  Strategy is needed...offers some learning as well.  I think everyh,1
The neat thing about Angry Birds is that there is so much variety in the game. You never get tired of it!,1
"Well I have never played Angry Birds, but my son sure loves it. If he's happy then so am I!",1
This is an addicting game - lot's of fun.  I find the games quite challenging.  This is the firsttime I had played the game - grandkids play it all the time on their I-pods.,1
We have Angry Birds on every tablet and phone we own. It's addicting and super fun to knock down those smug piggies!,1
Ads are not annoying because they only pop up once in awhile unlike other games where they pop up after each round played.,1
Easy to get hooked on this complete waste of time....but it is one of two of the most enjoyable games I play.,1
I really like angry birds.  It is so cute.  This also is a great purchase.  All ages can enjoy this game.,1
"my 5 yr old love this game, he play it almost all the time it's his favorite game, personally I don't play it, but i think its kool.",1
I love this game! There are very few ads. The update is amazing! I love the new levels! Go birds!!,1
It's easy for my grandkids to pick up the skills needed to play this game. Good for quiet time or rainy days.,1
This is another great game and fun to play.  I can play for as long or as short a time as I have available and still have fun.,1
Could not play it and would like you too fix it so it would work so someone could play it.,0
i think that it is awesome to play on the kindle i like playing it and it is a good pass time when you are waiting,1
"I love this app.  It's so much fun to play and easy to learn.  Best of all, it's free.  Kids and adults alike will like this one.",1
What a wonderful time suck.  I just wish I could pass the levels a bit quicker.  It takes a bit to get through some of them.,1
I started playing this game at 9:00 pm and couldn't stop until 2:00 am.  It's a fun challenge that kids and adults alike can enjoy.  Creativity at it's best!,1
I'm hooked.  Drives me nuts but keeps you entertained and coming back for more.  I see why this is such a bif hit.,1
Works well on kindle fire.  Would recommend.  Fun to play.  No lock ups.  Good graphics.  Nothing else to add to this.,1
I am addicted to this game.It made me go out and buy Angry Birds Star Wars.I highly recommend it.,1
"It's Angry Birds for Kindle. Looks great on my Kindle Fire HD, and it's fun to play when I'm bored.",1
"Angry Birds is one of the first games to hit absolute popularity in the mobile gaming market, and it's still as good as ever. The ads don't bother you and even if you hate them, you can turn off WiFi when playing the game. There are a lot of levels and i",1
Great way to waste time. My 7 year old loves it and we compete for high scores! Great down load!,1
It's just like playing angry birds on your phone but with a wider screen which makes it that much easier,1
This app is great  fun and addicting. and is much more better on the tablet than on a small touch screen phone.,1
"The birds are back in this free version of the original that is keeping my kids happy and satisfied with the pecking action.  We haven't had any problems with running the game and while it doesn't have all the levels of the real game, it's still addictiv",1
"Well, it's easy at first then it gets a littleharder. Never buy one on your small cellphone, get a kindle fire hd",1
"every one in my house loves this app. My 18 month old, my 6 year old, even grandma. This app is free and has tons of versions of angry birds.",1
What can I say?  This game is fun and addictive.  This game has a fun and excitement and be played by everyone and anyone..,1
"i do burn time on this one, but who can beat it for free.  and i've bought in to going back and trying to clear the levels at three stars.  grrr.  really don't have to with all the levels available.",1
This is just a crazy game.  It is frustrating and fun all at the same time.  It is just crazy!,1
"My grandson downloaded this app so he could play it on a road trip.....but when I asked him to remove it, he said &#34;Grammy, you'd LOVE it, so I'll show you how to delete it if you want, but also am going to show you how to play it!&#34;.....and he did",1
"Really a fun game for free.  There are lots of challenging levels.  I love, my husband loves it, even my 4 yr old grandson loves is.Give it a try",1
This game is pretty fun.What you do is pick what kind of level you want.Then you shout the angry birds to knock down the buildings.Well that's all.Hope you get this game.,1
these birds are someting else and a lot of fun shooting thru the air hitting things. the premier of the birds. have fun.,1
grandson loves it. I don't play it but it keeps him occupied for a while. not a game for me but good for him.,1
"I enjoy all this anry birds game that are out there, so do my grandkids. They are fun to play.",1
"Heard a lot about angry birds, but wans't sure what it was all about.  Our son downloaed it for our new kindle, and it pretty fun!",1
I love this game so much I never had played it or even knew what it was until I got a kindle but now I can not get enough of this game.,1
This was as also  a hit with my three old grandson.  This kept his attention while waiting in doctors offices etc...He is a pro at it as well.,1
"fun to smash things, without the clean up . love to be able to play a different game  . thanks !",1
it's addicting and challenging. I play it on my downtimes when I'm waiting to pick up friends. the best game,1
"This is a must have application.I thought the game was stupid at first, but after playing it for a few !HOURS! I realized its flipping amazing.",1
When you order a game online that you download you shouldn't have to write a review. After all its hit or miss isn't it?,1
While it can be very frustrating it rapidly becomes very addictive. I have not been this addicted since the old days of crochet and space invaders,1
Very interesting and excellent app. Hope have Angre Birds Space for free can be download for Kindle's user. Thanks a lot.,1
This is a fun game to play occasionally (when stuck in traffic or in the waiting room). Some of the higher levels can be difficult!,1
This was my first one and I couldn't get enough of it. I finished all the levels and didn't realize there were more verisions out here. Now I'm hooked.,1
"For kindle this is great but the internet holds you back from playing anywhere if there isn't internet , say in a doc office or  a hospital treatment room ( I get renegade treatment ) you can't play.",1
"You just want to keep on trying to beat this game over . And over! Good for both young and old , you will enjoy!",1
Downloaded Angry Birds to my Kindle & definitely love playing it.  Highly recommend this game & even the kids & grandkids like to play it!,1
This free application lets you take Angry Birds with you wherever you go. We purchased it for our Kindle Fire. It's free and it takes seconds to load it. Great for all ages!,1
There are no bad Angry Bird Applications.  There are no bad Angry Bird Applications.  Repeat after me as necessary - always fun.,1
My 3 year old grandson loves this game.  And I love its diffrent levels.  I have to make him stop playing the games on my Kindle.  I don't want him to become a game junkey.  All kids need to play outside and pretend play.,1
What more can I say.  It's addictive & I love it!  I needed to add 5 more words to submit this review.,1
"This is one of the best games for waiting at appointments, you can be interrupted by your Dr. appt. and know that the miserable little hero birds are still waiting for you. It is very addicting. The only thing is... it is not a good game to play right be",1
I enjoy playing this game! I love the different levels! Some games are the same but this one is addicting!,1
My son set me up on this and asked me to give it a shot. I found it a lot of fun and surprisingly entertaining. Who comes up with these games? Anyway thanks for the giggles.,1
Just a very fun game and many levels. Terribly addicting but a challenge too. Other versions are just as fun and free,1
I had never played or understood angry birds before I got my kindle fire and got the free app. I now am hooked! I don't find the few ads on it a problem at all and strongly recommend the free app over spending money just to be rid of the few ads that onl,1
My 4 year old grandson is able to play this and it would entertain him for hours on end if I would let him.,1
silly and lots of fun,1
"Driving you crazy, I dream of making those stupid pigs into bacon.Lots of great levels and annoying near misses to keep my comingback for more. Ugh. I love this game.",1
"Very entertaining and fun! I usually do not play games but I really like angry birds! Fun, challenging and great to play while waiting for appointments,!! Good fun!! I challenged my son  and we had a blast,!! I won!!",1
"It's Angry Birds, of course it's fun. This game could keep someone occupied for hours. It is almost annoyingly addictive.",1
I DID NOT FIND THIS GAME AS MUCH FUN AAS THE OTHERS WE BOUGHT BUT THE KIDS SEEMED TO ENJOY IT. I REALLY APPRECIATE THE FACT THAT IT WAS FREE.,1
"Enjoyable game. I love those little birds and so does my husband. It's a challenge to win all the downloads of these little birds, but it's fun.",1
"great for the kids; and, I like it too .... passes the time in a wonderful and happy way .... we laugh about it and have fun with it a lot; my youngest wants to be a pig killer when he grows up ... his brother wants to work with eagles ... a great thing ",1
Addiictive game! So many levels to advance to and some are quite challenging! It is fun too when you are bored.,1
"A game you can't put down, once you start! I have to say this game really makes you keeping going just to win!",1
"I am addicted to this game. I can't put it down. I have it installed on a Kindle Fire HD and it works perfectly,",1
"I just got my Kindle Fire but have played this game on my friends ipad, got such a kick out of it that she encouraged me to buy this one. I'm still learning about this game so make a lot of boo-boo's, like shooting the birds out the back & way over the t",1
Yes I have been inducted into those crazy bird games and I really like it a lot. It keeps you wanting to be better at getting those pigs no matter what. It's a fun game for all ages and can be played with your kids.,1
This game is entertaining for early teens and younger.  And on top of it it's free!  Your can't beat it.,1
Everyone in the family plays this one. We enjoy the free app. Just not sure if we want to download the full app just yet.,1
bought this game for my daughter and my girlfriends grandson they love to play it and find it lots of fun,1
"My children and I enjoy this game. The graphics are great. The audio is amusing to us. Using sliding motion, shoot birds with various attack moves via sling shot. Birds break boards, rocks,etc to attack pigs. Many stages.",1
"I now know what I am doing. I learned how to aim the bird or birds, so sometimes you will knock all of them down, and sometimes you miss. But it is a fun game.",1
I recommend getting this game. It is a really great way to spend your way on you device. My brothers also lovecthis game. hope you enjoy it,1
"This is a great game for all ages and it's a great time killer. I would recommend the paid version as well, it's not expensive at all.",1
I really like it.  I'm considering buying an upgraded version.  The game is one that makes the try to get high scores exciting.,1
Its free. It runs on Kindle Fire HD. What could be better.. well more angry bird for free would be better. Bring em on.,1
Do you HATE ADVERTISEMENTS well if you want to have a ad free app  just enable airplane mode and that's all your free of ADVERTISEMENTSs,1
"grandkids recommended it, found it to be good entertainment, fun, and it's free. some levels are a little fustrating but if fills the time.",1
Angry Birds is a very enjoyable and entertaining game that I like to play when I am bored and I am glad I found it.,1
I just started playing this after so many people kept saying it was such a great game.needless to say it is an awesome game! It works GREAT on my kindle fire and there are so many levels to play!,1
This is a great time waster that will keep you trying just one more time until you are so frustrated that you have to try again. The whole family loves this game.,1
THE ANGRY BIRDS ARE NOT MAD AT ME FOR TEARING DOWN THEIR HIDEOUTS. THEY CAN HIDE IN A CAVE IN A PINCH.,1
Omg. This is SUCH A FANTASTIC FANTASTIC app. This makes you think. The higher the levels the harder it is,1
This one was the one that got me started on games. My grandson had it so I ask my daughter who helps me out all the time to put it on for me. I really enjoy this one too. Thank you so very much,1
"Anyone in my family (ages 4-44!) can play this game and everyone loves it. The free version has plenty of levels to play/master. The ads aren't obtrusive, so we haven't bought the full version.",1
"This is a very good game, with lots of challenging levels. if u get this app, u will never get bored. A must get!",1
We are late getting into Angry Birds but my husband and I absolutely love it!  It is very addictive and it totally captures our attention!,1
It's an amazing app for kids and adults. It's not too simple and not too hard.I would recommend it to everyone,1
I love the angry birds.  This is my first exposure to it and it is somply &#34;chewing gum&#34; for both the mind and the eyes.,1
"Since kids seem to know all about Angry Birds, I thought they would enjoy exploring and playing with this game",1
This is awesome you update it to get new levels and superpowers don't buy the HD just get this full version for free!,1
i enjoy playing this game after a stressful day.  Helps me to relax before bed time.  I would recommend to freinds,1
To continue the war with the evil piggies where ever you go it helps to have this app and it has tons of levels to battle your way through.,1
My 4 year old loves this.  I know I love to see her on this I think its a great leaning game.,1
I like to see the birds flying and the small ones that turns into tree when you touch them its fun and enjoyable,1
this game is the best. I love the funny little bird and it keeps u entertained for hours. I almost passed all the game by mere luck but I loved it. I totally recommend it to every one at every age.  And its for free in my kindle fire,1
"When I'm faced with a situation that makes me wish I could ""smack some jerk silly"", whether it be a non-driver who cuts me off on my drive home, a smart-aleck store clerk, or yet another telephone money solicitor during dinner, I use Angry Birds to vent ",1
I was expecting it to be boring. it was awesome! you have to _____ down the pigs. I would suggest it for anyone.,1
I love this app - especially for my grand children who always wants to play games on my kindle everytime they come over.,1
you will kill quite a bit of time playing this game. it has alot of replay value to it also.,1
the game is fantastic but it needs a new mode where you can make your own levels and share them online for your friends and the community to play,1
"Good app, really happy to see it on Android. Kids play it to death. It's always up front on my carousel.",1
This is a funny game that keeps you on and on until you get those pigs!!  A great and fun game.,1
"Angry birds:  Often I can't put this down until I clear the scene and move on to the next level.  It frustrates me sometimes, but I like a challenge.  My grandkids fight over it.",1
I heard all the craze over this game I downloaded it to my table the Nexus 7 and now I am addicted to it and any age can play this from my 2 yr old grandchild to us adults who love to be kids :),1
this is a great app for everyone. my dad is turning 40 something this year and this all he plays. its also great for the fires.,1
This no longer needs reviews. Rovio received 8 million DL on Christmas day and 30 million DL over the Christmas week. There is absolutely nothing new I can say about Irritated Avians.,1
"Perfect game app for those who wonder what all the fuss is about, but I guarantee after five to ten minutes of game play, you'll be buying the ad-free version.",1
"Awesome game, I reccomend this to everybody out there. trust me, it's fun shooting birds at pigs!!!!!! The point is that the pigs stole the bird's eggs. hope you like it.",1
my only word is amazimg. it works great on a kindle fire it has very few adds!there's now other game I've played for two weeks.,1
"why can't the world go Na Na Na Na like a perret or a baby got 2, 2 knickknacks up her sleeve sceaming Mahalo",1
"Okay, everyone was right.  This game is fun.  I've been a hold out but recently tried it.  Now I can't wait to have time to play it.",1
Fun and challenging.Great graphics and sound.I guess I am too old to clear all the grades.  But I keep trying.,1
I love this game this is one of my favorite games ever. It is challenging fun relaxing exciting and lots lots more. I just can't stop playing it and telling everyone to get it after all it is free! I highly highly highly recommend you to get this app I s,1
"Fun game for hurry up and wait situations such as ER or DMV.  Best part about it is:  it's free and does not send you on wild goose chases to B_S_ web sites for ""updates"" and other such nonsense.",1
"rapido y facil de usar, intuitivo, con grandes diversiones y niveles para entretener a todas las edades, grandes graficos y sonidos, funciona OK en la KD HD 8.9",1
"My daughter, age 45, loves Angry Birds and has been playing it on her phone for a long time.  She got ahold of my Kindle Fire and downloaded Angry Birds.  Played it around 6 hours before putting it down.  I also like to play angry birds so this will be a",1
"This is just the full version with ads! This app wont waste your time! Actually, it might. its super addicting!",1
habit forming but great fun.  i can play for hours - it is great for dexterity but mostly fun fun fun,1
"I really enjoy playing the different free Angry Birds games when I have a free moment. They are so fun, and don't cost anything.",1
"My granddaughters and I enjoy Angry Birds free on the web, but I hesitated to download this free version (I have never paid for a game) because of warnings about the ads. Enticed by the the 5-star reviews, I installed the game on my new KFHD8.9. Yes the ",1
got this for my son which got my grand-daughter hooked on it. Both have a blast playing it. Good app for being free.,1
I would love to hug the inventor of Angry Birds.  We have been waiting for over a year to get our own Angry Birds app.  Now we have it and love it.,1
"I like Angry Birds.  Levels are challenging, you get ads, but just X them out.  After all, it it a free game.",1
This game is very fun to play with my grand children and I find it very fun and challeging in some levels.,1
This game is good for all ages.  Good eye hand coordination.  Will teach angles etc.  You can really get hooked on it,1
"BOY WHAT CAN I SAY ABOUT THIS GAME. IT IS JUST SO FUN THE KIDS LIKE IT TO, & SO DO I",1
Angry Birds Free is a great game for all the family.  My Grandchildren love to compete with me and enjoy beating me. I would recommend it for others.,1
This is fun & challenging enough for kids & adults as well.  You can't go wrong with Angry birds at all~,1
I find this game to be fun and challenging.  I hate haviang to quit playing before I've wiped the smirks off their faces.  Each round is a whole new challenge.,1
"I really like Angry Birds the game. But I could not stand the suggestive and violent ads that kept popping up on this free version of the game. I had to delete it for that reason and until I can find a free version without vulger popups, I'll just play t",0
"If you like Angry birds, you will love this app. So many different levels. My girls, 10 & 8, are always stealing my Kindle Fire and playing it!!",1
"My mom who doesn't know how to use a computer much, she can easy find the angry bird app and be playing it for hours if I let her have my kindle for that long lol .",1
The game is great and different once I start playing I cant stop I am going to down load more games from the kindle,1
I heard about this form some friends....It is a challange to get all the pigs.. LOLEach stage is designed to give you more bids that function in different ways.each stage is progressively different and more difficult..the challenge is to recognice and de,1
Very addicting game. There so many ways to pass a certain level. I enjoy this game a lot until I get stuck on a level.,1
wood like to see more animal games for free really like this game it games is great love this game,1
"This is one of those mindless 'keep busy' games.  It does, however require you to think (unconsciously) about trajectories and angles.  The sounds are the best part!",1
"Favorite app for sure. When it first came out, I used to play it all the time. Today not so much, but it's a popular game for a very good reason.",1
I just downloaded this game yesterday and I can't seem to put it down. I find myself fighting with my twin 3 yr olds because they want to play too!  Great game and great app,1
"...about this game that hasn't already been said?To me, it is a game that I play for a week or two, then put it up. I'll pick it up in a couple of months and play it again.It is a fun way to burn up extra time. It can also frustrate the crap out of you.",1
I love this app and the blue bird is my favorite angry bird hay angry birds!!!!!! get this app. I recommend this to people who like funny apps! :),1
"I love angry birds so freaking much. I mean how can you not? I got angry bird hats, gloves, sweaters, wallpaper, everything. I'm addicted to it. I'll focus on beating level fourteen, then eating the peas on my dinner plate. I don't know how many rules I'",1
it's a fun way to pass the time if you're stuck in a doctor's office or just waiting for someone.,1
I love angry birds and it is funny and a little hard too.I hope u people who bought this app have an awesome time playing this game,1
Love to hear the crash. Got you lil devil. Can't get enough of the anger birds and crashing sounds. I'll get you yet!,1
"Game is fun and frustrating!  You really have to figure out all the little tricks the birds can do, then you will have a bit of an advantage over the pigs.  My hubby is addicted!  Great game!",1
This is a great way to kill time without hurting your consciounce. This game comes with a reputation of fun.,1
"Very good on Kindle, has the nicest features. The IPad is a little better, but I was pretty bored. Nice.",1
"Great game to play and very addicting, went ahead and bought the full version, super addicting to play! Fun for all ages!",1
"So if you're just way too accomplished at your life, you have a solid income, all debt is paid off and you just REALLY want to waste 5-10 hours of your day, get this App. It'll make your days fly by so fast, your children's children will be flying around",1
This is a real challenging game.which makes you work for the results. It is hard to set the game down.,1
You know what Angry Birds is. It is probably the most popular computer game in the world. It's probably the most downloaded app in existence. It's been praised by users and critics alike.And it deserves all that praise.Angry Birds combines simple control,1
Don't download this if you don't have the time.  This game is addictive and you will never put it down.,1
"this one is great of course, has plenty of levels to keep you busy. why can't all the games have tons of levels.",1
"The whole family, including my Grandson, loves to play this game.  It gets frustrating at times but that makes it more fun.",1
"I really enjoy this one.  It is fun, and challenging.  Of course all the kids can do the game better than me, but I like trying.",1
"I really like this game.  It's quite frustrating but I guess that's what people like about it.  I've had thisgame on my phone and Kindle Fire for some time.  And, my grandsons like it.",1
"These birds and pigs won my heart from the very beginning- nevermind that I am trying my hardest to kill them off! The graphics and the sound effects for this game are genius, accounting for it's huge popularity with young and old alike!",1
This game is so fun. There are so many different types of Angry Birds to shoot at so many different green blobs. I love the sounds that come out of the Angry Birds when they hit stuff.  It just cracks me up every time.:),1
downloaded this and played it for the first time - lots of fun and kind of addictive - I think anyone would enjoy this game,1
I love birds and pigs and amazing Alex even!!! Holy mother of gangnam style awesome best game in the world...BIRDS ARE COOL,1
This game will keep you entertained and pass the time while waiting somewhere or keeping your attention off of something.,1
"I have enjoyed it so far. Don't have much time for games, but this one seems to be a good one",1
Amazing game I would recommend to all users who love throwing things at each other. Its a hey fun game no violence and runs very smooth with no lags or shuts downs.,1
Watched my husband play this game. Now I understand y he played it so much.,1
"These burds drive me crazy  fun to unwind on.  I sometimes thinkl I spend too much time trying to complete a level, but it is fun",1
"The wife plays this game all the time.it's a good, solid rendition of the Angry Birds game.Graphics are very clear and quick to respond.No problems loading or interfering with other applications.",1
It is the game you expect or have used on other devices and works great on Kindle Fire. Free means ad supported. This introduces some lag when they are loading during or between levels. But great for a free app. If you like this and want it less laggy th,1
Angry birds is the best game ever. Love the bomb bird. There is no way that this game will ever be boring,1
Angry Birds is a game that I can't seem to stay away from. I want to keep going to see if can get through the nextlevel. Great game.,1
"very challenge i love it alot ,since my stroke it helps my brain work.Thank you very much!!!!like more if free",1
"Everyone in our family enjoys this one.  It has many levels and is great for killing time, plus the ads aren't too annoying.",1
"can't beat free, right? my whole family is addicted to this game. we all help each other beat the levels.",1
My daughter loves anyhting with Angry Birds. The game is very entertaining. I'd reccomend this game to the whole family.,1
I haven't had any issues with this app on my kindle fire hd. It works great and doesn't freeze up my system.,1
I have a problem and its called Angry Birds.  I hate those piggies with a passion and have a difficult time putting down the game.,1
"This keeps my whole family busy. What fun this game is. Even my husband has been known to play this from time to time. My kids are teasing to get the Start Wars version of this game. Maybe soon. It is creative, fun and helps to pass the time away. Love t",1
I love this game! It is so fun and make s you think. it is an app for kids and adults.,1
"This is a good game, the kids love it, and it has many levels and isn't a difficult game, anyone can play this.",1
even it have a little commercials.....still a great app. love this and you will love all the rest of them.,1
This I'd my go to game. Keeps me entertained for quite a while. WhiteHaven it on every device so must be good,1
Angry Birds is very addictive! My husband and I have lots of fun playing against each other. Very good game.,1
The best app game of all time and their new game Bad Piggies is just as fun with a little more thinking.,1
Its fun and addictive. Hours of play time and its constantly changing. The cartoons are a bit drawn out but all and all fun,1
"this game is really fun and addicting. it did quite a challenge on some levels,which will force one to think.",1
I enjoy the frustration!!!  In learning how to maneuver each of the birds I am moving along the boards quite well.,1
daughter loves it !! !! !! !! !! !! :-) !! !! !!  :-) !!!  what more show I say!,1
This app is addicting! I like it because it doesn't require wifi to play and I could play it for hours!,1
I finally decided to try the very popular angry birds. Both my 3yr old and I enjoy playing together and alone. You can turn off the in app purchases!!!! Thank you angry birds,1
"Its angry birds, its free...what more can you say.  My kids love angry birds and now they love that one can play on my phone while the other is on the kindle.  So glad to have downloaded it.",1
"HELP!!! We cant stop playing this game! Very addictive game. works very well on my Kindle Fire, I dont mind the ads because its free.",1
"I absolutely loved it and tried the Space Birds, thought not as addicting, it is okay.  Good when I'm not online.",1
good game rovio hard but fun. can't seem to beat ham e'm high but still fun get the update (much more fun)  I love reds mighty feathers. makes me happy happy happy,1
"I gave this game 5 stars because I am enjoying it as much as my kids!  I downloaded the app fro my 5 year old grandson and we played together.  The other night, I found myself playing it all by myself, with out the excuse of having a young one in the hou",1
This game is challenging enough for all age groups and a lot of fun to play.  The graphics are fine.,1
"And who needs to read a review anymore of anything so popular. ""Angry Birds"" is cat-nip for kids and a fun way for aggressive adults to relieve their frustrations while wasting time that might be spent completing more tedious chores. Besides you're helpi",1
"I have 3 grandsons (11, 9 and 7) that fight over who will play this game. It also makes a good babysitter.",1
"Angry Birds is one of the greatest games I have ever played, and I just love how challenging the different levels can be. The birds are also very adorable with their bushy eyebrows. This is a must-have app, for not only is the actual game fun, but the An",1
this is the best way to kill time. angry birds have taken over and I am on with it. I play it all the time.,1
A Blast to PlayI Recommend this to anyone who has yet to try it.It is a very addicting game,1
"Now I know why Angry Birds is such a hit! Really fun game, smooth action with no glitches on my Kindle...",1
I am constantly looking for this to do on my kindle nd this app works great. there have been no flaws or hassles with this app.,1
Its free!! Angry Bird games are simply addicting .. overall its worth the download You have nothing to lose but time playing angry bird,1
I don't really use this that much at the game but I don't really use it might somehow that up for me. Joe,0
"I'd heard about this game, so I decided to get it free for my Kindle Fire. It's a very simple game, but it's also very fun. The characters funny. I really enjoy Angry Birds.",1
"My daughter says that she is not a big fan of Angry Birds but as her father I am going to override her and say that it is a great game. I mean, its Angry Birds, what can you say. This game has everyone playing it and if your not playing it you have playe",1
Who doesn't love Angry Birds? A plus for being Angry Birds Free. Fun little game to kill some time and launch some birds.,1
its really fun to play when you have nothing to do especially for me since I have some spare time in high school.,1
Who doesn't like Angry Birds? One of the best free games out there.  Download it if you haven't already and play.,1
Once you start to play you wont want to stop. You will become addicted. Very challenging and you will get angry at the birds.,1
Its a very interesting games. I love it and me & my dad play as a team to beat the different levels.,1
I enjoy playing this game and the price is exactly right for my budget. I would recommend getting this to anyone.,1
"So enjoyed this game.  strategy is essential when playing and it sharpens senses.  I'm 70 years old and it is a wonderful tool to keep sharp, plus it's a lot of fun.",1
"I picked this because of my Family telling me how great it was and i really enjoy playing it. Each new Goal you try is challenging , yet fun to do... I didn't want to put it down..",1
"I love all angry bird games, they are so much fun to play and this one is great with all the different games on it, its a must.",1
I love Angry Birds. I have it on my computer and downloaded it onto my Kindle. It is so fun to play and it takes some skill. I really get into those little green piggies.,1
"At first my mom thought this game was weird, but then I showed it to her and now she's addictive. I absolutely love this game. Get it, you must.",1
Fun and entertaining. A good way to while away time in a long line or waiting at the doctors office. Love the sound effects!,1
"If I liked my Kindle Fire, I could really enjoy the games as that was why I bought the Kindle but way too much advertising and after you play one or two times, it clicks off and you have to start over from the home page!!!!",1
This was a great way to keep kids and hubby busy while at Dr's office for a little bit. They were so busy the only way you knew they were there was the LOL.,1
"I love that there like 50 million levels to the game.  It's a pain in the butt sometimes, but there's just something fun about attacking green pigs with suicidal birds.",1
i like all of the angry birds games i did not do space or the star wars ones yet i like to a lot and a lot of fun too,1
"Great fun. Hooked me immediately. Love the sounds. Looking forward to catching up with 5-year-old great-grandson, if he lets me!",1
I have actually not even played this game yet but I am sure I will like it. I downloaded this game for my niece so she could play it and she loved it.,1
Great game.  Love playing it and it's a chanllenge.  You can't go wrong with playing Angry Birds.  I would recommend this game to anyone.,1
"I chose my rating, for this is a favorite of my grandchildren. I believe they want grandma to try it out, so I Will.",1
This is one of my son's favorite games to play and he loves it. Really like that I could download this one,1
Who could live without Angry Birds.  My kids love the app and so does my husband.  A must have for the family.,1
"All the versions for Angry Birds are awesome, but this one is my son's favorite.  It's more simple and easier for him to use.",1
"I had never played this game until my son downloaded it onto my Kindle Fire.  It's not hard to get the hang of, and can be addictive with continued use.",1
"makes me laugh, and my grand-daughter was watching me and she was laughing i love laughing with my grand-children when i'm stressed i play so i can laugh some more",1
I like this game because I get to judge how far the birds can go to knock down the pigs' castle.  The graphics are awesome because the birds appear to be mad at the pigs.  Fun for all ages!,1
"This is the first Angry Birds I played and I was hooked from the beginning.  As a matter of fact, my husband was laughing at me because he had bought me a tablet with a lot of great functions but I was spending most of my time playing this game.  I then ",1
"Grandson loves it, plays it all the times can't wait to get to it when he gets here and yells",1
Hands down the most frustrating game ever! But I'll be darned if I don't spend hours playing this thing! The laws of physics and gravity are completely thrown out the window but just aim a little higher and mass destruction! Awesome!,1
It is a fun and great game to play! It is also one of the first games I got on my kindle fire and I have enjoyed it very much!!,1
Cool game. Very addictive. Angry Birds Free is an awsome game. I would highly reccomend it to my friends and family!,1
How can you not like these games. Very challenging and vey addictive. Dam all those piggies. Great way to spend some time.,1
"This game is somewhat uncool or stupid, but VERY addicting. I've been playing this for as long as I can remember and really don't have anything bad to say about it",1
"Reviewing as a family. Three and half year old son loves it. Sevin year old loves it. It runs on both my Polaroid tablet (I am not a fan, our son occasionally plays because he has a Vtech Innotab) and our daughters Nabi2. Is great on the Nabi because it ",1
We put this on my daughter's Nabi Jr and my husband will take it from her when she's not looking and play this for hours. He absolutely loves it.,1
Great for the whole family.  Its chaellenging. You never want to put it down.  I have been playing every day since i got it,1
"Fun to play, lots of levels.  Even the grandkids play it.  No instructions needed to start but do need to figure out the different functions the birds can do.",1
love all the angry bird products that i can get foripod and kindle.would highly recommend to people to try,1
inhabitants the free software movement in your life of the explorer and I don't have to get to the complete list,1
Fun game. Easy to use and takes patience. Kids love it. Hope more games come out like it. I recommend this game.,1
My daughter plays this game all of the time and is continuously laughing her head off!  I highly recommend this game if you really want a good laugh!,1
Runs great on my kindle fire. I love angry birds. The games always give me something to do. Although some of the games can be very hard.,1
"I just can't play the game. everyone was having fun with it, but I just couldn't get the hang of it.",0
I love to play angry birds.  I'm not a big game player but love Angry Birds.  It is easy and fun!!,1
"I am terrified of real birds, but Love the Angry Birds!  Sometimes, you just have to keep trying a level till you get it right!  Always go back for the 3 stars if you don't get them right away!",1
My husband love this game but I do not have the patience for it. He plays this game more than he talks to me.,1
Can' t stop playing!  Its nice to be able to . go back and play different levels over and over again.,1
"OMG!  I can't tear myself away from playing this game. Try as I might, I have a hard time helping those little birds take out the pigs! I can't seem to play just one game. If i don't score and score big, I redo the game over and over till I do. Then i ke",1
I play this on FB almost everyday. You have to use strategy to figure out how to improve your score. Love mind games,1
Great way to spend some down time and do something fun. Silly as it may be.... I really do enjoy it!,1
"I think angry birds is a great game. When I want to watch Tv I just let them play it then I sneak away.don't bother getting the one worth 99cents. I mean, they are just ads its not like they can destroy the world. it is fun yet challenging.it relaxes my ",1
"I cannot get it on my kindle which is where it was supposed to go, showed up on my daughter's Kindle and it's enjoyable.  Still trying to figure why unable to get on mine.",1
"it is a great gift, not educational unless you need to learn consequences (ha ha) my son and I love it. Free equals awesome, if it's really good!good ...awesome really fun awesomely great!",1
The Grandkids play this.  I can't get anywhere in games that require any skill.  They like it...I'll stick with word games and cards.,1
Amazing I never knew how fun this was til my grandson started playing now I play it all the time....fun,1
"they love it always wanting to play ,teachs them skills and they have killed each other when playing they actually share",1
grandkids downloaded it so I havent tried it  as of yet but I will. when I do am sure that I will love it,1
I can play this for hours.  It is a lot of fun.  I wasn't aware of what the birds could do though until someone showed me.,1
It is a lot of fun the kids really enjoy this game they say it is a little different than the other games they play,1
Great game...it amuses me for quite a long time and enjoy trying to get through all the boards.  Have gotten other angry birds games.,1
I finally found out why everyone is playing Angry Birds.  It is a very fun and slightly addictive game.  I like the many different levels.,1
"Never thought I'd get addicted to this game. In fact, my 4 year is addicted to this game. It's fun and challenging at the same time.",1
I love playing this game and still play it to this day. My only issue is that it is getting too difficult to pass.,1
All I know is that my kids love these birds the kindle version is great and mobile love this and suggest for all families.,1
1st I have to uninstall in order to get the new update. Now it crashes everytime I try to do any of the older levels. Rovio this is BS!!!!!!,0
I decided to get this app to learn why everyone kept talking about it. It's simple - it's fun and a bit of a mind bender. Just challenging enough to keep you occupied while you laugh at the set-ups. Good time.,1
"Amazing game! if you've never played Angry Birds before, start here!Its the new Pacman for sure!Great for kids, teens, and the elderly!",1
For those days you have to wait or try to keep your tongue this is the game.  I thought it was just for kids but no!!!  This is great and gets better and better the farther you go.  A must for folks that like to challenge their minds.,1
Several levels. So it is fun for all of us. I can get lost for hours playing this one. Makes one think about angles and things to win. Now I know why all the kids are love Angry Birds.,1
"Had been hearing for ages and ages about Angry Birds and thought to give it a try with the free app for Kindle.  IMMEDIATELY sucked in, my oldest 2 daughters (7 and 4) like to play it as a treat when school work, chores, etc. are done for the afternoon. ",1
"Okay, this is by far the best you can get from a free game. This has about ten or more stages with about 30 levels on each,so we are talking about 300 or 400 levels - no joke! This game also comes with like 20 mini episodes ( also totally free) that you ",1
"This game is too much fun not to have.  I haven't had any problems with the App at all.  A challenging game for sure, but it is fun and funny. I had to go online to find out what each bird does but that was not an issue.",1
Got this app for my new Kindle Fire HD.  Had the app previously on my android phone.  This is so much better. Graphics looks great.  Havent played much b/c my hubby is addicted. LOL,1
"The last level on the newest stage is so hard that it can very close to rage quit, bui still like the entire game.",1
"This is another game that I usually play on my phone and having it on my kindle fire is great.  It's a great game to fill waiting times in restaurants, airports, etc or during commercials at home.",1
This game is addicting.  You just want those bird to get all of the pigs.  I could play this for hours.,1
This game has no problems now you know theirs very very very very hoo  ads take me you will love it I this bored when I finished the game with all stars cause possibly angry birds is possible.,1
So many birds! So many levels! It's a really great deal! If I were you I would have bought it! It's really cool! And I'm not just saying that because the birds are cool! I hope you enjoy it.,1
"Definitely addictive.  Once you get past the first couple of levels, it gets more challenging.  sometimes frustrating!  I think if yu are an engineer or studied physics, you would do well at this game!  Fun--especially passing the time waiting in the doc",1
the younger kids like it alot,1
"It's so much fun, my husband and I  play it together.I don't care for the war games etc. but I love the simple little birds and piggies.",1
Who doesnt love angry birds.... The game is fun and challenging.  Provides many levels which get harder and harder... So much fun it becomes addicting,1
"This is one of the few games I added to my Kindle. It took me a while to figure it out, then I couldn't put it down.  I am still learning about tricks of the game from fellow bird followers.",1
"This is a fun game to play.  Since it was an app, it downloaded quicly and was readily available for play.",1
My two younger grandchildren and their cousins loved this game and play it all the time. I would recommend it .,1
Can't beat this one. Frustrating but entertaining at the same time. Could not download this one. Fun for all ages!,1
Bought my new Kindle Fire and love love the option to play angry birds. Love my Kindle! Highly recommend getting one.,1
"I have all the Angry Bird versions and I love all of them, my 7, 8 and 9 year old kids also like playing it.",1
I have had many hours of fun playing this version of Angry Birds.  It has many levels and a lot of challenges,1
"The best game program ever made as far as I'm concerned, don't need a PHD from Harvard to play it.",1
What can I say? We love Angry Birds. Prefer the apps with no ads of course. Not that expensive for hours of fun.,1
"This game is addicting, so much fun.  I love it and would recommend it to anyone.  Challenging with lots of levels",1
"Angry Birds - This is one of my favorite games. My grandson has this game on his cell phone and he thought I wasn't ever going to give his phone back. HA,HA, HA. This game can be quite addicting.",1
This is sooooo addictive!  My husband and I fight over the game.  He has stayed up all night playing it.,1
me and the kids love this and play it everywhere waiting for our food while i'm shopping its a must have to keep everyone busy,1
This game has been played the most of any game I have downloaded. Responsive and works well. Nice game to pass time.,1
have loved angry birds sinse it first came out. It is a great app for kids and adults. definitely an addictive game,1
"Everybody in the house plays this game and as most people know, it's very addicting. No one wants to allow those green pigs to win ! LOL.",1
I can&acute;t stop playing it but my sister loves mattybraps he is a good singer OMG how old is he like 8 or9,1
Yah that's right who doesn't like Angry Birds. Plus it's free. This is a time consuming game in which the player is sucked into a battle VS the green piggie monsters. We the angry birds must destroy the pigs to retrieve are beautiful eggs. If we don't wh,1
Got this as a Gift Item for my son on his Kindle Fire. He picked this out. Downloaded easy and works good.,1
i love this game i love angry birds i love all angry bird game out there a new one i get it,1
those pigs have to be eliminated!! we play this game over and over and over and over and over again.,1
Great time waster. but sometimes a little slower than I'd like.  My husband plays more than I do. But we enjoy it.,1
My daughter loves playing this game. She'll sit with her grandpa and both bond together while playing this game. Love that it brings them together.,1
"I keep this app on all my devices, for me and if my grand kids are here or I need to entertain a child while in doctors office etc.This game can keep any child entertained from 4 - 104.",1
This game is such fun!!  It can keep you busy for hours if you want.  My grandchildren think its the best and you can't beat free!!!,1
I love this game!!! Its so fun!  Night night night night night night night night night night night night n n n n n n NIGHT!!!!!!!! I love Spongebob &lt;3,1
A fun game without having to put very much thought into it.  Who doesn't like Angry Birds?  It's a good game to just relax & play.,1
Addictive!!  I really wish Amazon would not make you right an entire paragraph when providing feedback.  Sometimes just a few words can get the point across.,1
who dosent love the birds it was free on my kindle I am a truck driver so when im sitting waiting to get unloaded I play with the kindle the birds are my fave.,1
I love unlocking bonus levels. I also love graphics and cute puns. It's loads of fun and addictive in a good way. I beat all levels but have not got all stars :P:D 100% recommendationFavorite bird: bomb bird.,1
"So much fun, and so addicting. Yes, the craze got *too* big when Angry Birds showed up on pillows and socks and underwear, but this is still a great time killer when you want to smirk. If you're JUST getting into Angry Birds, start with this one.",1
LOVE love love this game.  I am not a gamer at all but I find myself playing this game for hours and hours.,1
this is the best game ever and it free plus it will last you  long time you have to try it its awesome,1
Who doesn't love angry birds? This a great game to pass the time.  My kids love to play all the angry birds games,1
"I love this game. Easy to follow, very addicting. I can learn all sorts of ways to play with these birds and is alot of fun.",1
This is too much fun.  The graphics are great and the skill level is easy to difficult.  One of my favorite games.,1
"Once you start playing, you can't stop.  You have to keep going until you win.  Can also be frustrating at times.",1
"I considered purchasing the paid version of this app but decided to try the free version first,I honestly have had no problems with the adds and really think it's just as good as the paid version!",1
This game is great and perfect for all ages. There are ads that pop up during the game but you can choose to get rid of them. I recommendthis game to anyone.,1
this game has great graphics and is easy to control it is in my opinion the best free game on the app store,1
"A great way to pass time. Very fun,the sounds the birds make when they hit the grown,is so funny. I thought it would be a childish game,but I was wrong,I love playing it.",1
This again is for my grandkids.  They asked me to put it on for them.  They love it.  It's fun.,1
We love all the angry birds games and this is no different. It is so much fun to play and my five-year-old can't get enough of this one.,1
Always liked Angry Birds and I never tire of it. it Now I do t have to squint to at on my. iPod anymore with my Kindle Fire',1
Sometimes I'm sorry that I ever started Angry Birds...just because  I cannot get to the next level...I really love it,1
Angry Birds Free is a great and fun game to play for the kindle fire. It's a really fun game to play.,1
"If you compare this to Ad-Free this would be 9stars I guess. So get the ad free version. Best game ever on phone or handheld device. Challenging and fun for all. Not a gamer, try it anyway. It is too fun. It's FREE.",1
As always Rovio comes through again.Great game.Keeping it up Rovio.One never know what those Bird's are up to.,1
"Never got the rules or any idea how to play it,so just deleted it from my device.  It seemed stupid to me.",0
"I'm afraid my husband may sue the makers for alienation of affection.  Once you start playing Angry Birds it becomes almost impossible to stop.  It is perfect for all ages, easy to learn, almost impossible to master.",1
This is a frustrating game I can't put down because I hate to lose! I find I want to do just one level but wind up doing more because it challenges me so much.,1
I am sure I am not telling anyone things new... Gotta love this game. Even the free version is well worth your time.,1
this game is really great. never get tired of playing it my four year old grandson is a whiz at this game,1
"How can you possible berate what has become a classic cult-like game?  You can't, and getting it free is a bonus.",1
"Lots of fun for all ages.  It is easy enough for my young grandkids, yet my elderly parents love it too.",1
This is another game that will keep a child entertained for hours if you let them.  especially good for waiting rooms .,1
I have been playing this since it came out for the oops touch and now I cant stop playing it,1
"Downloaded on my tablet, comes in handy while waiting on appointments and etc. Also have it on my phone as well.",1
The kids I know are glued to the computer/smart phone/kindle already.. Nothing wrong with having a good time and wasting away some hours learning trajectory and spatial relationships.,1
angry birds is fun any time especially the orginal my favorite though i enjoy the others new ones but i love the orginal,1
I love this game. The sound is great.  I don't get to play it often enough but when I do I enjoy it.,1
great game when it first came out kids love it and i love the stratagy of it and the different kids,1
"My son, husband, and I immediately became hooked on this game. It is a lot of fun to play. You might lose a few hours of your life playing the game because once you play it, I think it's a little hard to stop!It's easy to play--my son is 5 and he is able",1
"Very colorful little game have enjoyed playing it with our grandchildren, they know just what to do and how the game works glad I got it !",1
"This game is so addictive!! The free version does have lots of pop-up ads, but some of them are actually good ads that I am interested in, so they don't bother me, especially because I'm used to it.  Tons of levels and I like the different birds and thei",1
"This game is great for all ages. It is sad but I know older people that are hooked on this game and plays all the time..lol I don't play as much as I used to, but I really do enjoy this game. It is GREAT!!",1
Enjoy all the angry bird games except Tiny Bird.  Keep coming up with new editions so I won't get bored,1
I was addicted to angry birds for a long time now its my kids who are addicted. Buy it for your kids or get the free ones either its fun. And its so very worth it.....you kids will focus so well while playing this game. :-),1
"I admit it, I'm addicted.  This is such a fun app, and free with the Kindle HD!  It works like a charm.",1
"I heard about it, wasn't sure it was for me...and then, it was for me.  Hours of playing and trying to beat the levels was a ton of fun!!",1
Today I got angry birds hd and I thought it would be the same as this angry birds just in hd. But sure was I fooled! I actually got unlimtid mighty eagles (for one 1$) and much better graphics.I found it funner to play in the hd version than the original,1
I could play this all day.  I love the challenge of the game and the different levels.  I would recomend this.,1
"The grandkids have played Angry Birds for quite a while now, so I thought I'd see what the fun was all about when I got my Kindle Fire this year.  I love the challenge!",1
"I play every day, trying to get three stars on all games.  i have done pretty well so far. will keep trying until i get them all.",1
My grandchildren love this game.  It keeps them occupied when they are in the car or with me during some of my boring meetings.,1
"I watched my grand daughter play this and she is so good, I can only hope to be that good.  Fun!",1
This is a really addictive game. My daugher showed me how to play. Its cute and engaging. The plus was that it was free.,1
Our grandson showed his grandfather this game and it was a hit right away.  The frustration was waiting through the &#34;advertisement&#34; and for $.99 he no longer has to wait!!!,1
"Two grandchildren,daughter and son in law all loveAngry Birds.  I do not play the game myself.  Four more words of filler.",1
This is a fun game for all ages.  Different scenes and progressing levels make it challenging also.I can see why it is so popular.,1
my son totally loves this game but i do have restrictions for him on the time since he could play it all day long if he could!,1
"If you played the other Angry Birds( space, star wars, HD,  seasons, seasons HD, seasons free, and Rio) you know you like them.  But here is something, something not the same. The basic one. The first. The one some people remove from their Kindle. Get it",1
"Again, my grand daughter plays this on my Kindle when she is at my house.  She loves playing the games",1
"Hahaha, lookie here. It's Angry Birds! Free but fun this game has it all. Those crazy birds and those mischievous pigs. The golden eggs, the sound FX, and more angry birds. IDK why I'm reviewing this now and not 2 years ago, I guess I'm 2 busy playing th",1
I love this game. My friends introduced me to it and was the first app I downloaded on my kindle fire. 5 stars!,1
"I really like the power ups! Also, this update doesn't seem to have as many ads. Essential to any smartphone or tablet!",1
I am truly surprised to have gotten this much entertainment for free.  the adds were placed in such a manner that they were not at all disruptive.,1
People who play angry birds the original game is 100% free the update gives us reds mightey feathers the rest of surf and turf bad piggies for the free version greatest update ever:),1
"Heard about this and when I got my Kindle for Christmas, I downloaded the free game. Became obsessed with everything &#34;Angry&#34;. - Got Seasons game and working towards the Star Wars version etc.  Like the do-over feature and the various levels and d",1
"My kids love Angry Birds.  It is a fairly simple game and enjoyed by many. It is free, it works well on my Kindle, I have no complaints at all.",1
"I downloaded this game on the Kindle Fire for my granddaughter, age 7.  I tried playing it and not being a game person, I did quite well at it and enjoyed playing.  My granddaughter loves it.",1
fun to play and very addictive! some levels can be rather tough to pass but it can be done .,1
Love playing Angry Birds.  Can spend a lot of time enjoying the game without the cost of having to pay for a game.  Thanks,1
It is funny & fun to play my daughter says. They like knocking down all the characters and buildings in the game.,1
I loaded this for my Great Grandson to play but found out I love the game also. Easy to play and love the challenge.,1
this game is so awesome omg I seriously love all the birds we will destroy all pigs one by one we will have are eggs back!,1
If you tap while it is in the air it has a special power . Your able to zoom in and out.,1
"This is a GREAT free app that can provide hours of entertainment.  The amazing thing is that they keep providing updates that adds more and more levels to the original game.If you do not want to be bothered by the ads, just turn off your wireless connect",1
App works fine and of course fun. All levels work fine except for one which says it coming soon. Plenty to do in the mean time.,1
"I heard about this game when it first came out and then I played it. Another family fav. Its great for when you are waiting on something, instead of just sitting in a daz.",1
it makes me angry n it brings my firends n i together in a small group wen its played so its worth it,1
"So addicting that it can waste out most of your day, its a great game when you have nothing else better to do",1
Good game for kids and adults. Recommend download. Not bad for free.  There are other games also.  Amazon is good freebees.  Thank you,1
I put it on my Kids tablet because he asked. I never played it and now I am hooked. Installed easy.,1
this game is awsome. they are still updating and adding levels consantly and it does it automaticly. if you have a problem with the free version's pop-ups all you have to do is turn the wi-fi mode on your device off and they wont bug you with ads.,1
Fun game!! ! ! ! ! ! ! ! ! ! ! ! !  ! ! ! ! ! !This is nutts!!C,1
It is fun to hurl the little birdies at the pigs but it is far too sedentary and hypnotic. I always regret playing when I could have been doing something else,0
Very easy game and very addicting. If you like throwing angry birds at pigs then this a game you need.,1
I am a big angry bird fan and this game is so cool.Yahoo angry birds!  can you keep putting more updates so it can be better.,1
I really enjoy angry birds games. This is a game that the whole family will enjoy with different levels and and  themes.,1
"I LOVE this game! Really fun! This game was one of the first apps igot. This game is the original angry birds game, but it's still pretty fun. Tons of level options! AMAZED!!",1
"A fun way to pass the time, got this app for my toddler, I let him play it once and all he could say is Angry birds, Angry birds. A fun way to pass some time for both of us.",1
"They loved it, so I got the paid version plus many add on apps as well. Well worth the time, if traveling.",1
great game but lacks instructions or guide to every aspect of game. would like to know what the golden egg gets you when found;,1
"this app is fun for all ages, from my kids to my husband, they all find it fun to play.",1
"You should get tired of this after a few sets.  I played it until the widget to get to the next level started winking out faster than I could get to it.  That's just not fair, and I hate a rigged game.  If that's what you really want, there's always Las ",0
lots of fun and laugh as i play and the sounds are excellent to each game. Just have fun with it,1
Angry Birds is my daughters favorite.  Well one of them and we play together when she comes home from school.,1
"Just like all the Angry Bird games, this is a fun game to keep you busy at times when you have time to kill. You won't get bored, because it is so much fun to play. Highly recommend this to anyone who whats to play a really fun game. Her come the birds!!",1
"I mean, it's Angry Birds.  Everyone's heard of it.  If you have time to kill, download and play, it's easy.",1
This is a lot of fun no matter the age.  The only problem is getting so involved the time just flies by without realizing it.  Make sure you have a lot of free time to enjoy this game.,1
Great game!!!! I love it! My daughter loves the game even more! Very good graphics and challenging sling slot aims and bombing birds.,1
I can't believe how much my kids love this game and how much they fight over it too if you know what I mean.  My wife and I even play this game on a regular basis and Irealy enjoy it!!!,1
"I had this already on my IPhone and I really like it so I knew on a bigger screen would be great, so I was right. Thanks for the free app I like it alot.",1
Granddaughters love the game also have it on my phone great entertainment.  A good fun family games and is always entertaining for the children. May try the others someday.,1
"When I finally gave in and downloaded this game, I was really surprised at how much fun it was. I am 53 yrs. old and I find myself playing it all the time. It is not just for kids! The graphics are great, each level is a challenge and gets harder and har",1
fun,1
My grandkids wanted it and they play it any time they come over. They seem to never tire of it.,1
This is a great free download. I would recommend it to everyone. My 4 year old nephew showed me how to play it and got me hooked.,1
There are days I want to punch someones lights out.  But since that is a bad idea and costly (court) this is much safer and fun!,1
"It's really great.  Lots of fun.  The graphics are really awesome on the Kindle HD.  Try it, you'll like it.",1
Love this game!!  Very addictive!! The graphics are great. Can this came be done in three D ??? That would be great!,1
IT's a free game! And Angry Birds is fun for my grandson. Anyone who loves Angry Birds will enjoy this game.,1
I had heard and heard and heard of angry birds so when I got my tablet I just had to go to try it out,1
Downloaded This game for my four year old great-grandchild.  He also plays it on my cell phone. No more needs to be said,1
Love it. The grandkids really enoy this game. x x x x x x x x x x x x,1
"Angry Birds is another way to challenge my mind even though my five year old grandson can beat me! NO need to recommend this to anyone, everyone is playing it already!",1
Its Angry Birds..... who doesn't like angry birds. Kid Friendly for my kids ranging from 4 to 8 they love it.,1
Angry Birds is a favorite past time at home or on the go. My wife and Iplay a lot while relaxing or waiting for our favorite TV programs.,1
I love that there are frequent updates.  The fun never ends.  Always another level.  You don't even realize that you are actually learning.  Ooops!  Don't tell the kids!,1
"Love to play game, lots of fun and pass the time quickly, when at a appointment! Thank You Angry Birds!",1
I really like Angry Birds it is a fun game to play it can be frustrating but still like it.,1
Am older and never played any games before but got my new kindle fire at Christmas and decided to try this free app.  I am so enjoying it.  This game is challanging and frustrating at times.  Glad that instuction comes on before a new bird is introduced.,1
"I love playing Angry Birds because of different birds and levels, the game is very addictive, it is fun, and it teaches physics in a fun way!  You do not have to be good in math and/or science to play this game!",1
"This game is really fun to play. My dad loves to play this game on my kindle. He finished the game on his phone, so he is doing it on my kindle now.",1
My youngest grandson of 4 yrs. loves this game and he plays it whenever he is here. He down loads other free games as well.,1
I love the challengers set up in the different series as you progress to higher level games in each set. I was over 60 yrs. old when I first learned to play this game. I'm now over 70 yrs. old & still getting a big kick when I play these games. I am alwa,1
This game is loads of fun and very frustrating at the same time if you are trying to get all 3 stars on each level. I have finally completed every level with 3 stars and completed all 22 golden egg levels. I have version 1.5.3. I installed the updated ve,1
I believe this game got me started on an angry birds addiction.  The games are challenging and fun with loads of different backgrounds to keep it interesting.,1
Just as fun and challenging as the rest of the Angry Birds adventures. Our grand kids thoroughly enjoy it.Thanks for the freebie!,1
Great game.. will recommend to others.Angry Birds Angry Birds Angry Birds Angry Birds Angry Birds Angry Birds Angry Birds Angry Birds Angry BirdsYesss!,1
My daughter loves to play this game and has downloaded lots of games on my kindle fire she loves all the angry birds games and loves to play them,1
"Longtime Angry Birds player, Angry Birds runs great on my new Kindle, which I found to my great relief. Yay!",1
A VERY SATISFYING PAST TIME BEFORE GOING TO BED. MY HUSBAND ENJOYS THIS GAME EACH DAY WHEN HE IS STRESSED.,1
This game is addictive fun! Both I and my husband really enjoy playing it -- I hate the pigs (just kidding)...the whole game is fun and challenging.,1
"I have found that this is a fun game to play when I have to wait for an appointment or even just to relax.  Also, my 2 year old god daughter loves when I let her play this game, so it really is nice for any age group!",1
I love this game. it is so addicting and easy too play.just use your finger and drag it on the screen to move the characters. It is also a very addicting game to play.,1
"Great game, and we put it on our sons kindle fire, and I am not sure who likes it more.... Dad or son.",1
"I purchased this book for my 5 year old grand daughter.  She really enjoyed reading this book and it has become one of her favorite books.  In fact, my 4 year old grand son is now reading this book.  I wish to thank the author for writting such an exciti",1
i had heard all the hype and was excited to find out what the big deal was.  Great way to waste some time when you're waiting on your husband at the hardware store.,1
keeps you wanting to keep playingdefinitely something that will pass the timewhile waiting at appointments for the doctor,1
Every kid I know plays Angry Birds and most grab my Kindle when they see me to play the games on it. This one is a very popular and fun game for all ages.even my husband plays it. lol.,1
Angry birds is a lot of fun. I play it a lot and so does my 7 year old son. Sometimes I get Angry. Now I know why they call it Angry birds. Its very challenging too. I cant stop playing it sometimes.,1
Very addictive game. Great way to pass the time.can't seem to put it down most of the time I play it.,1
"Angry Birds FreeMy all time favorite game, there are many levels to play and I am totally addicted. I quit playing all my other games... for now!Too much fun!!",1
Got this app for my little cousin. It keeps him busy and he loves angry birds all versions of the game.,1
My husband laughs and says it is a game for kids but I really do enjoy playing and seeing if I can get all of the pigs,1
"Crazy fun game, addictive and play it over and over.  No housework being done for me!!!Besides who needs to clean house every day!!! LOL",1
It's Angry Birds.  I had heard so much about Angry Birds I was happy when I got my Kindle I could finally find out what the hype was about.  It's addictive & fun.  Now I understand it's popularity - besides I like hearing the birds noises :),1
"It takes some skill to play this.  It is addictive and fun for the entire family.  Many, many levels for all to enjoy.",1
This a great pass time when waiting at the doctors office to be seen. Easy to use and understand as well.,1
everyone needs to have this app! whenever I show anyone my kindle fire hd I show them this game first. it is a must have even if you're not a gamer.,1
this game never gets old. its fun easy and the kids love it. must have for all kindle owners. takes on a whole new feeling on a bigger screen,1
"I play this on facebook & wasn't expecting it to be so good on my Kindle Fire HD but it's even better .... the graphics are amazing !!! Definitely worth downloading, thoroughly recommend it.",1
"It is easy to install.  Easy to understand.  I'm not a ""gamer"" but this is a great way to unwind!",1
"It's angry birds... might make you angry when you can't get your three stars on each level sometimes, but it's angry birds :)",1
angry birds is so much fun and all the other ones are awesome.Rovio Entertainment Ltd. should keep making angry birds.  it is so addicting.  :),1
I can't belive I love this crazy game. I can't get enough. The different levls keep you wanting and wanting more.,1
This app no matter what they decide to call it will always be AWESOME** if you like the original angry bird games then all the others that came after should be on your game list too including the piggies game too,1
My grandson really enjoyed playing this game. He figured out right away how to play. He's only five and of course I was VERY impressed. I started playing a few days later and it really is fun. Have to watch the desire to play when I should be doing somet,1
"...except the ads in the free version. Angry birds is crazy addicting. Shooting little birds across the screen and knocking down rocks and walls. My son, daughter, husband, parents... everyone I know loves this game.",1
This game is a classic. It is free. It works great.  I really like the new power ups. They make the game less stressful.,1
"I have no problems with itI could sit for hours and play hours but, I have to go to work sometime.I would recommend this game only if you had time to waste. good game.",1
Love the birds!!,1
"All the grandkids and I love any Angry Bird games, we all 'impatiently' wait for our turns on the kindle.:)",1
"LOVE LOVE angry birds games. So do my kids, so it goes well on my kindle and I can play any time I want!",1
"I love angry birds and all the news levels. I never thought I could get addicted to any of these games. WELL, I am this is a fun game.",1
Grandson of seven years old really loves playing this game.  He does better than I do but I keep trying.,1
"This was the first Angry Birds which I ever learned, I learned it on my friends Kindle before I even got my own Kindle Fire from Santa for Christmas this past Christmas 2012!  It is a fun game!",1
"I learned about it from a friend who also has a Kindle Fire.  It is so addicting, I love the challenges.",1
Glad to have these so the girls don't want to play on the Iphone.  It's just like the one on the phone so they love it.,1
"So far as I'm concerned, another FLOP.  I know many people like this, but I really don't.I hope I can avoid these kinds of traps in the future.",0
We enjoy playing this as a family.  Each takes a turn trying to get just the right angle to advance to the next level first. great on a long trip.,1
"This game is also a lot of fun,on my Kindle fire HDI can see the cute expression on there little faces when they crash...lol",1
"I love this app.it is the best one ever I really think that most people should get it.it has very few ads,it is very amusing.I say you should get it!!!",1
FUN FUN FUN FUN FUN! KEEPS YOU BUSY BUSY BUSY! AND IT'S HILARIOUS TO... THOSE DARN PIGS AND THE SOUNDS THEY MAKE... OMG! DEFINITELY A WINNER IN MY BOOK AND MORE THAN A 5 STAR RATING SHOULD APPLY TO THIS. DON'T DOWNLOAD ANYTHING BEFORE DOWNLOADING THIS AP,1
"I downloaded this right after Christmas and have a hard time putting down, it's so addictive! My daughter has all of the Angry birds games on both the pc and my laptop, but she's not allowed to play on my Kindle. Why does this game draw me in so much? Th",1
Initially got it to keep my granddaughters entertained but have found myself sitting on the sofa at night playing for hours!,1
"Ok come on now, who does not love Angry Birds.  Ive been stuck on a few of them for awhile but eventually break through",1
Fun. You don't need internet to play. What you do is launch birds at pigs and u unlock levels.I think u should get this if your reading this review.,1
me and my boyfriend play this all the time. we love it. great app and great on the kindle screen since its bigger that a cell.,1
I really had a great time playing Angry Birds Free.  It was easy to download on my Kindle and I would recommend it.,1
"I love this . It is addicting and I spend way to much time playing it, but I sometimes can't help myself..",1
Keeps my grandsons busy.  I've even tried to beat their scores.Everyone is happy when they are busy in the car with this.,1
Love it!! Easy to understand and use. I highly recommend for beginners who is not familar with internet games like me.,1
I had this on my old phone and now having it on my kindle EVERYONE wants to play!! This is fun for the whole family and is really a strategy game.,1
Well some levels are very hard and some are easy but power ups makes the game easy i love this game,1
Angry birds is an awesome app. Even my dad can't stop playing it . This game is greAt for any ages. I also love the angry birds toons. And if you love angry birds get ready for the angry birds movie . Smashing your aT into theater July 1 2016,1
very good app. some worlds are really easy like the first one. others are harder and I really like challenges. get this app.,1
"I'm a soon to be grandma...YEAH!...far from a pro gamer.  What's not to love? Even have my hubby playing this and he hates computers/tablets, etc. yet there he sits in his favorite chair w/Angry Birds! Thanks! Not much is free anymore.",1
I tried playing this game but I have to get more involved with it. But now that the holidays are over I can start playing it again.,1
So much fun! I play it with everyone I know and recommend it a lot. The only issue is it sometimes freezes and/or makes me force close.,1
"I downloaded free angry birds for my kindle fire and all I noticed was full screen ads and when my little bro played it he said that it sucked so Michael, the piggies cheated, and that it was to hard to play. My little brother used harsh words and got TH",0
"Okay, so I'm the last person around to play Angry Birds.  But I'm hooked.  The freebie has a ton of ads so I will likely upgrade.  I'm glad the freebie was available to try out.  This game is hilarious and addictive.",1
"lots of fun, easy to play, except @ times, when you understand the meaning &#34; angry birds &#34; They can make you  ANGRY !!!",1
He loves anything that has to do with Angry Birds. Sure has helped me when I need to keep him occupied.,1
So once again everyone I know is playing the new levels on their devices except me. Why does amazon take so long to put the updates out? I have been checking for the update everyday since the new level was released and still nothing.,1
She played this game on my son's cell phone and really likes playing it on her Kindle. She is 9 years old and my husband likes it as well.,1
have had a lot of fun with this game. Loaded easyUse up the battery quick but is a lot of fun,1
My family and I all play this together and we enjoy it very much! We have now moved on to Angry Birds Space and Star Wars but it still is fun to go back and visit when your in a boring waiting room or similar situation,1
Grandson loves this app.  He plays all the angry bird apps. Commercials aren't too overwhelming.  Good action for my grandson,1
"I had heard alot about the game Angry Birds, but I did not know anything about the game.  I think it is funny, frustrating at times, very entertaining.",1
My wife got a Kindle and plays all the time more than reading her books. Shes better than I am,1
I had heard about this game and tried to see if I liked it. But what I found was the puzzles are too hard and I wasted a ridiculous amount of time attempting to solve them. I deleted the game from my tablet.,0
I Can't. Believe. That. Everyone. Is Talking About Ads. I haven't. seen any.  ads this is crazy and I don't see Dr appetite whatever Talking. to me. . This is crazy and Pyscho 1. People Are Talking. About ads 2. Its CrazyBut. Awesome. App Go Team Rovio! ,1
"Very addictive. I find myself playing it until the battery goes dead. Really fun for all ages, my five year loves it as much as me.",1
This is the ultimate craze that swept the nation. It is a great free game that I do believe that everyone who is able to has played this game at one point or another,1
"Great game, loads of fun, even better on the Fire than on a smart phone, larger and easier to see while you take out evil pigs!",1
This game hooked me on Angry Birds. After this I had to go out and get even more angry birds.:),1
Despite becoming a pop culture Icon...this game goes down as one of the all time greets like Pac Man or Mario. Brothers. it holds up and continues to feel fresh no matter how many times you play. And who doesn't. try to get three stars on every level?,1
Kids love it. Entertainable will help pass some time in an enjoyable fashion. A great game that is free is always nice.,1
"I use to play this everyday, and I don't play a lot of games, but this game is highly addictive and fun.",1
"Free app that my grandson had to have.  I do not have and interest in it, but he stays entertained for long periods of time.",1
"It is fun.  so many levels, it keeps on going.  I laugh each time I play itIt was recommended to me....and I would also recommend it.",1
It is great to download this game for free. I wish that I could get off the first level though. For some reason this level seems impossible.,1
I love it the graghics are really good and I am very picky about my games I don't really have many games so I just love it,1
I appsoluty adore this app. It is so much fun. I strongly encourage it. It is like making your own bacon or sausage. Luv it. :-),1
I love Angry Birds!  It is a challenge as well as addictive!  I've had it and my kindle since Christmas and it has given me hundreds of hours of pleasure!,1
My 10 yr. old grandson got me started on this one.  Hardly play it until I know he is coming and I have to practice up because I know he will want to challenge me.  Great little game.  R. Hobbs,1
I can't get enough Angry BIRDS!,1
This game may be the funest game that I have ever played!Angry birds is the kind of game that you will not ever get bord with. It is also game that you can play whenever you have nothing to do. Angry birds can be for all ages but the levels may be too ha,1
I found that all ages will enjoy this game. My grand kids to me we all enjoy all the angry bird games,1
trying to go back and get best scores on all of the boards.  is there anywhere to find what the most you can score is,1
Always trying to get a higher score because the options are limitless. Could play this game all day! Very enjoyable.,1
"best game ever. you have to love this skill construction, destruction game. catapulting birds at buildings to crush them. hilarious.",1
Great App!! I Love The Angry Birds!!  I Highly Recommend This App!! It is Great Fun and Highly Entertaining!! Love It!!,1
"its an overall great game, I just don't see any real good reason not to like the game. good fun, nice graphics, nice everything. I think Rovio did a great job on its most original game, plus it was the first I downloaded. Great job rovio.",1
Angry birds is such a good game. Pretty common too. It is about some birds who got their eggs stolen by pigs so now they're out to get them. All of them. You shoot a certain number of angry birds from a slingshot and try to get all the pigs with the limi,1
I think Angry Birds Free is great!  I play it both on my Kindle and online on Facebook too.  It is lots of fun!,1
"I love it so much, and it is so great, my mother is addicted to it!  You should make angry birds mario, but it is AWESOME!!! 5/5! Well, really 240000/5!",1
Would recommend this to others. Good for all ages and whole family likes this game. Can't wait to play other games.,1
what is it with these dang birds! I like this a lot...wierd game but interesting. I just can't stop trying to get to the next level!,1
I like to play this when I am trying to relax...it is fun trying to figure out the puzzles! This helps me calm down!,1
it is so fun but need new birds and new levels to play on and hf h g gvhvhbu. n b j h.,1
worst game ever. would not open. tried getting it 7 times.......wouldn't do a thing. good advice.......DONT GET THIS APP!!!!!!! I WARNED U!!!!!!!!!,0
this game is the worst game ever if you get this game you will regreat. if you like it your stupid or a dombo,0
"I love the full game but this is too short. First it deleted my file. Then while I was in the second level I was getting pounded and then finally I found what I needed then the game quit and said ""the free trial is over if you liked it please get the ful",0
"Got so engrossed in the game that I forgot it was demo!  Will have to purchase because I want to get further!Majesty was great on my PC, and this app fits the bill also!",1
Installs but when run will send you to the webpage to buy the pay version. Then it just crashes when you try to run it again.Amazon should remove this free version and perhaps even the pay version.This is not good.,0
this was a real fail! its almost impossible to win and its really difficult to use!!! I don't even understand why I got it. it was immediately uninstalled.,0
won't even let me open it. its up for like 3 seconds and then closes. I want out. I don't even know how to uninstall this. I'm not very happy at all.,0
I love it at first its a little hard until u know what u r doing but once u r hood and know what u r doing its great,1
"I could not play this it was too boring and confusing I'm going to delete it of my kindle right after this, I wouldn't recommend getting this app",0
If youlook at teh other reviews you will notice people like this game when it works.  It's free so you might as well give it a shot.,1
"Great game unless you are stupid enough to download an app that doesnt work on your device, hence all the 1 star reviews.",1
Majesty is a very fun and adicting game.  i tried the trial version first and then bought the full game.  Trial version allows you to play several locations to give a taste of the game.  Purchasing the game opens up more content. i hope the devs will be ,1
First off the controls for this app are stupid because you can't control the heroes that you hire. they just walk where ever they want to go and the graphics are terrible. got this for my kindle fire and it wasn't even worth downloading for 5 minutes. wo,0
I do not like this one I liked the one on my old Kindle better it was bore fun and challenging to play,0
Got it and was not pleased. Had to delete it. Thought it would be better but fell short. I am sure I will find one that measures up at another time. Sorry this wasn't it.,0
"I allways like to play Black Jack,Even when I went to Las Vagus. But found this game to be A Good Teacher so when I go to Vagus Agin I will know A little more About the Game to win this time.",1
"this is the most amazing alarm i have ever even heard of!!!!!!! it is so easy to work, has the best alarm options, i could go on and on and on!! LOVE THIS APP!!!!!!",1
"This app is so good & easy to use I actually purchased the full version (& I don't purchase many Apps because I don't mind the advertisements). It is a must have App.  I use the clock, quick alarm & have many recurring alarms set.  You can silence your p",1
I set this alarm twice and it never went off...I'm not really sure why. Maybe I will try again at a later time but this didn't work at all for me on the Fire HD.,0
"i owned this app for probably three months. i've never had a problem i couldn't solve. the customizability is endless, i especially love being able to wake up to a different song in music library everyday. great stuff!",1
"I got this app as the free app of the day a while ago, I liked it so much I went over to the android market and paid for it!  I use this every morning and enjoy awakening to the nature sounds.",1
"This alarm clock is fantastic. I haven't got the full version but when I do I look forward to it. I have this app for my kindle fire and it works great. It has features that allow you to pick what song or melody to wake up to, do math problems before you",1
"Best alarm I have found.So many settings!  It is overwhelming at first, but once you get it dialed in, it is amazing.I have mine start 5 mins before I want to wake up, it begins with tiny trickles of water and slowly gets louder over the 5 mins (the scre",1
I love the app....if only you could buy regular mode for less. sometimes I need an alarm Wednesday but you can always have more than 1 app...the regular version is better,1
Repeatedly crashes on my Kindle Fire after asking if I want to install an add on. Maybe next version will be more compatible as this appears to be just what I want for sn alarm clock app.,0
Amazing alarm. There is something about it ringing gently minutes before the main loud alarm that makes you feel refreshed. I have not had a headache or felt groggy since I started using this alarm.,1
yes its Bejeweled but with enough of a twist to keep it interesting. runs perfectly on both my Samsung galexy prevail and my Acer iconia tab A500 with nice HD graphics on the tablet.,1
This one is fun and after each match 3 or more puzzle you get to buy pieces that help you in the puzzle. You don't spend any real money except for the cost of the game.,1
"If you like matching games, this one is well worth the money. Very polished graphics and gameplay, nothing like the tons of laggy, buggy free match games onthe market. Enough to keep my attention and want to keep playing.",1
I love this game! it plays just fine on my Acer a500 tablet. I played several levels and it ran smooth with no glitches. I will be playing this a lot. Thanks Amazon!,1
"Well done matching game that has great graphics on both my DroidX phone and Toshiba Thrive tablet.  I was given the choice to upload scores or not, as I wished.  The app can be moved to the sd card, too, which is something I like in an app.",1
"This is a jewel matching game.  Nice graphics and sound effects.  Satisfying game play. For those who have the Pandigital Novel, it works great on the 7"" screen. Also works great on my  Android phone.",1
"I hesitated to download this because of the review of a tablet. I took a chance and it runs great on my rooted flashback 7.1, honeycomb viewsonic gtab.  Runs great, good graphics, good game.",1
"This is a great &quot;bejewled&quot; type of game. The graphics are great and the combos keep things interesting. Unlike a lot of other match 3 games, the game feels like it is progressing and going somewhere, which I really liked. There are a bunch of l",1
Works fine on my Dell Streak 7 tablet. I've always liked matching games and this one has a lot more to offer than just matching tiles. Very colorful and works very smooth. I highly recommend it. You can also transfer it to your SD card.,1
"I got this game as the FAOTD. I can't say that I would have paid $1.99 for it, maybe $.99. The game is fun and addictive, but once it starts going fast and you get in the groove, the game is over. Don't get me wrong, there are a lot of levels, but there ",1
"The graphics are great, and it runs really smooth on my HTC Incredible. Really fun and addictive! A must have game. Kudos to the dev.",1
This game is a lot of fun and designed perfectly for touch screen gameplay. It has great graphics and music and lots of levels to keep you entertained. I definitely recommend it.,1
"it's a great free game. very fun. even if it's a bejeweled clone, it's a good one with new gameplay features.",1
I really enjoy this game! I downloaded 2 and 3 because they are so much fun. Even my 8 yr old daughter has fun with these. I would recommend them to anyone who enjoys the match 3 games..,1
"I love this game, and its sequel, Treasures of Montezuma 3. They are kind of the elite of match-three games. The difficulty level increases appropriately as you get more skilled, and the bonus effects that help you increase your point-earning abilities a",1
"This is a great bejeweled clone, I started playing it and soon realized I just wasted a hour and a half playing this. A good mix in difficulty with enough variety to keep you playing.",1
This game is really really fun and addictive. It has a ton of the stages. This not your basic match 3 game. Each stage has a goal and unlock new powerups the further you get. You have to get rid of a certain amount of special gems per stage and your on a,1
This is a bejeweled clone with lots of added features thats sure to keep you occupied. It's a well thought out match 3 game with puzzles to boot. An achievement badge system. Well worth the $2 after the FAOTD.Fast paced game on the Optimus V,1
Was able to play one game. Now application won't open on device. it is lost in cyberspace never never land.,0
"Great game to play when you're bored, waiting for the plane/train, in between TV shows, just before bed, or anytime, really!  The higher the level, the more difficult it is to get Montezuma to smile.  But you don't want to put it down until you do!!!",1
Have spent hours playing this one on HTC EVO. One of the most fun games I have downloaded. It appears to now work on Kindle Fire as well.Watch out for May 2013 update! Looks like all it does is push advertisements to the game menu screen (where previousl,1
I got totally addicted to this game and completed all levels.  Great way to pass the time.  Kids play it too.,1
"I don't play to many games on my cell but I love this game!! The biggest problem is that its too darn addictive, I can't put it down once I start!!!!",1
Honestly this is a genre that we don't need to continue producing. It's lame. Doesn't anyone have any originality? Barf.,0
"Yes,  this is another jewel game!  BUT it is by far the best!!  Runs great on my droid2.  Thanks amazon! and much thanks to the developer!",1
"I've had this game on my phone for a year now.  Amazingly I still find it the most entertaining Android game I've owned.  I buy them, play a couple of times, get bored, delete them.  This one is a keeper.  Perfect for waiting around in Dr.'s offices or a",1
"Out of all the &quot;match 3&quot; games, this one is my favorite. It DOES work kn the Kindle Fire, contrary to someone else's review. It always has, and that's how I've played since I bought mine in December.The game has a ton of levels, and lots of pow",1
I like the totems and bonuses. They make the game sort of unpredictable and ultimately more fun. I also like the puzzle mode. They took the gem game concept to another level with this app. Really great. Really fun.,1
"Works perfect on samsung galaxy.  Fun game, enough story to keep you interested, and nice clean graphics. 18 19 20",1
"Thought this would be another Bejeweled knockoff, but the added features are great. Was free app of the day months ago. Still enjoying it, and would buy it, if I ever needed to.",1
"I downloaded the free one at first, and I ended up downloading this one. It's always better to get the games you have to pay for, because the free ones, you end of having to pay in the long run anyway. I played one fast game on the free game, and I ended",1
"A fun game and long play time.  Worked well with Samsung Tab2.0, Pandigital Planet and would hang sometime with Pandigital Novel.",1
I really like how this game involves unlocking features such as bomb tiles and special abuilities like getting two tripplets in a row of the same color can grant you some special bonus power.  Power ups clustered in a match three game works.,1
"I picked it up as the deal of the day from Amazon, so I couldn't go wrong.  I don't know that I would have paid for it, but for a free game, it holds entertainment value.  It is very similar to all the other gem type games out there, but it is VERY addic",1
This is a wonderful game! Those who have compared it to Bejeweled are only correct in that you match the types to clear the board. But.... There is a LOT more to this game! You have to build buildings  with gold you earn by playing and earn tokens to hel,1
"I tried this game and I am glad I did. I was looking for Jewel Quest for my kindle, did not find the one I wanted, so I tried this game.It is another matching game, but the graphics are different. Tri it, I am pretty sure you will like it.",1
"was on third level in adventure mode and for soe unknown reason, progress lost, so started new file and quit after four screens. started game and no previous player data here.  registered a player name, but that didn't help either. uninstalled.",0
"I've played the predecessor of this game on the iPad. A lot! It is probably the game I've played the most. I played the trial on the iPad and had the get the entire version.For the most part, this is exactly like the first one, but the adventure mode is ",1
"Basically bejeweled Aztec style, that being said it's a fun game would def recommend. This is probably why it's been up for 2 days as AFAOTD.",1
I told her about this game being the FAOTD yesterday.  5 hours later she still hadn't set her phone down.  That allowed me to watch Breaking Bad and Storm Chasers. (both are shows she doesn't like)Auto 5 stars!,1
"Extremely fast paced and alot of fun. This game will probably replace my chuzzle addiction. If you cant get into it, delete it. dont give it a bad review. This game os pretty much excellent.",1
makes time fly fly away. couldn't believe the hours passed  by so far. would recommend to anyone who enjoys having fun.,1
I have been playing this game non stop for weeks. A very addictive variant of the classic match 3 game style. Works great on the Toshiba Thrive tablet.,1
"Awesome sound, color and over all feel.  Easy to play, great time killer, overall a great bejewled type of game. A few extra factors separate it from bejewled like earning points to buy some needed items. You won't be disappointed as long as you like col",1
"love this game so far, been playing it off and on all day, and its free! makes the 'match 3' game more entertaining.",1
help! help! little Timmy is stuck in the well! What do we care? he has not signed his will! maybe if we,1
great job.  it's fun and has long and repeated playability. keep up the good work! love it a lot and play it often.,1
"This game is great. I spend hours of playing. So far,  I've collected all the statues to build the city. Now I just have to complete the levels. I'm looking forward to getting number 3.",1
"I find myself opening this app more often than just about any other game I have installed on my phone, and whenever I upgrade my phone, it's one of the first games to get reinstalled.There aren't any in app purchase requirements, a huge plus in my book! ",1
I'm hooked on this game! The ability to get upgrades to the various blocks and idols keeps me wanting to keep playing. I've actually chose this game over playing my Xbox 360 a couple times.,1
I loved this game on the computer when I played it a few years ago and its still a great game!,1
"I'm impressed by how well this works and runs on the Motorola Xoom (WiFi). It's addicting, and really attractive. A pleasure to play.Has become one of my favorite games in just a a day.",1
This is just like so many games where you match three items... but it is a fun updated version with power ups and levels. Not exactly my type of game but it can keep you entertained for a while. Works well on my Motorola Atrix 4g.,1
I never played the first one but I love this one.  It is challenging yet easy to learn.  I like the graphics and there are plenty of levels to keep you busy.  A great time killer and just plain fun.,1
This game is fun and addictive. If you don't like this I don't think you could like ANY kind of app. Once again I LOVE THIS APP.:),1
"This is a fun puzzle game, although it's very difficult to get top marks on the levels. The trick is to wait until you have some new enhancements (totems), and then go back to the older levels.",1
"i really like to read reviews before buying a game, no matter how much it costs and with Kindle Fire, it costs quite a bit less than the same game on computer version.First of all I really enjoy Match3 games and different graphics many times makes the di",1
"I don't like many matching games at all. In fact, I think they're mind numbingly boring. The ONLY other two that I liked were Super Puzzle Fighter II and to an extent, Dr Mario. Thank goodness for App of the Day, or else I wouldn't have found this little",1
I played this on the PC and was pleased when I came across this for the android. Match 3 with lots of bells and whistles. Played a bunch of levels of the adventure mode and had no problems whatsoever with my Kindle Fire. Highly recommended if you like ma,1
"Hopefully solving video game puzzles is good for your brain, because this is another good entry.  I can spend hours playing.  Good graphics, sounds, and colors.  If you enjoy this kind of thing, give it a try.",1
I have several match 3 type games and this is by far my favorite!  a few new spins makes it more interesting!,1
This game is incredibly addictive. I play it every chance I get.  It is a very interesting and entertaining twist on Bejeweled and the graphics are fabulous.  Love it!,1
New variation to an old idea makes it enjoyable. Nice graphics. It's the kind of game you can pick up and play when you really don't want to be stressing the grey matter. I play it for a break from work.,1
"EVO 4gWorks  extremely well so far. Great fun, no glitches or hangs. Easy to learn. Loads fast. Looks professional.",1
"If you like bejeweled, you'll love this game. If not, you'll complain about amazon giving us too many free bejeweled games.Either way, it's free, so no complaints.",1
I know it is a good app when I can't stop playing it. it has more to it than just the jewel game.,1
"Finally some polish! This game is fun, beautiful, smooth, and substantial. Yes it's a  Bejeweled clone at heart, but that's not really a problem unless you didn't like Bejeweled. And this one has lots of fun extras. The professional design is so nice, as",1
This is the best game out there on Android right now as far as gem swapping is concerned. I play it all the time. It has some features that separate it from other games of its type such as power ups from landing 2 or 3 of the same type of matches in a ro,1
Got this when it was the free app but would definately be worth the $1.99.  I found this 3-in-a-row match game a lot better than others because you have a progress and can buy totems/upgrades plus you can compare your progressiom online vs other players.,1
"I have had this game on my Toshiba Thrive for well over a year and it is my favorite go to game. At least it was until it started requiring internet access to run. Now it won't open when I travel. This is a single player game, there is NO GOOD reason it ",0
my wife and I pretty much played this days and nights. this is one of the best of its kind!,1
"Another great game for grown ups. Anyone who rates this game poorly is a kid. Excellent matching game for multitaskers. Well done!My only issue is that it ends, need more levels.",1
"very addictive, reminiscent of bejewelled play style.  has a gradually increasing difficulty level with unlockable special powers. graphics and interface are nice on the fire",1
Love the look of this game and the music is ok too. Very addictive. Find that this is becoming one of my most played apps.,1
This is a game of hours of fun and many challenges that I have enjoyed conquering.  I think you will enjoy it just as much as I do.,1
"Great game. Just cant put it down. i have it on my Droid, Asus tablet and my Kindel Fire. Very addicting.",1
What seems like another boring old gemswap game is definitely something more. You have to swap the gems with inner gems to complete the round. You also have to collect coins to buy little trophies that will help you through the levels. I think the only r,1
"Totally love it!  Very challenging, awesome graphics and very much worth the purchase of the game.  Can't put down the game even though each level becomes more and more challenging. I wanted a game that was fun and problem solving thought.  I got it.  Ya",1
"I am a fan of this game. Challenges you to think ahead. Loads of fun. It's a good one to download, and hard to stop playing!!",1
If you are the type of person who likes to race against the clock this is a game for you. Wonderful graphics and lots of levels. It's addicting for sure.,1
"Original review: Good graphics, sounds and music make this my favourite jewel-matching game.  The fact that various match-ups and combinations give bonuses and time credits is a plus, but the sparkling jewels and other ""eggs"" (like ones that blow up surr",1
Really like it.  Runs very well and is addictive to play.  Nice professional looking graphics.  Like how you can get your game ranked.,1
I play this game every night before bed. It takes my mind off of my worries and relaxes me so I can sleep like a baby!  I love this game!,1
I am rating the game. Not Amazons choice for FAOTD or the fact that the developer chose to make a game of this type. There are channels for that. Amazon customer service and developer feedback. It is so immature and irresponsible to leave a low rating fo,1
I am enjoying this game. I do really like the jewel type games and this one has a nice theme and is different than others I've played before. I am glad I downloaded it. it works well on HTC evo.,1
This is a fun an addictive game in the style of Bejeweled. However it has its own unique touchs that completely separate it from bejeweled and will keep the game entertaining for hours. I've really come to respect Herocraft for creating quality apps whic,1
"This is a very fun game that looks like Bejeweled, but doesn't play like it. Plus, it has a great leveling system that also levels up the difficulty of the boards nicely.This is a ""clear settings and start over"" game for sure. I could play through it ove",1
This is a very polished Match 3 game and well worth the download! Plenty of variety and reasons to keep playing!,1
"This game on PSN would retail for 15 bucks.  Same on XBox Live Arcade.  1200 MSP and all that.  You'd probably pay 20 bucks on Steam for this game.  The fact that this game only goes for a meager 2 bucks is almost sacrilege.  Simply put, this game is an ",1
"I don't like matching games so I am going to rate it poorly. hehehe. whaddduup. Don't tell me what to do, ya feel me. hahaha ha ha whaaat whaaat. when can i post",0
"Amazon ,get some real apps like modern combat 2 black pegasus,rayman,the settlers,ect....i love my galaxy tab but im still waiting for a better selection off apps ,not these trashy puzzles and word games.",0
"I got this app during the free promo yesterday, but it is definitely worth the normal price! definitely works better than a normal alarm and you feel better waking up with using the pre alarm feature.  love it!",1
"This app makes me wish I remove the stock alarm. Gentle Alarm has so many useful features, it makes me hate all others. I get things accomplished quickly with all of the intuitive settings, making the stock alarm worse than useless. Even if you don't nee",1
Aaliyah &quot;one in a million&quot; fading in woke me up. I was skeptical and set my normal alarm 10 mins after just in case I slept through it. The fade option and how long you want to stretch the fade is awesome. All the options are amazing. Not being,1
I can honestly say that I have never woken up so easily. I haven't used another alarm since. There are not words to describe the crazy difference in my ability to wake up. I sleep right through regular alarms or turn them off in my sleep. Not once have I,1
"Excellent alarm app, but why is Amazon so far behind on the updated version? Market is telling me there is an update but nothing on Amazon",1
One of the few apps I bought for my G2 and I love it. Lots of options for alarms and the prealarm works like a charm.,1
"Worth every penny.  I've been using for a few weeks now, and it really works to wake you up refreshed and ready for the day.  How did I get along before hand?Only minor gripe (very minor) is the slide bars to edit volumes, etc. which are a little touchy ",1
This apps wakes you up gently - and with the customizable profiles you can wake up just about any way you want to. Works perfectly on my Droid X. Highly recommended.,1
"Initially I had issues with this app, after a few mornings it would crash and recommend that I reinstall it. I must have done it a few times because I really like the concept. Well after a few updates with my system and I'm sure that Gentle Alarm went th",1
This app actually makes you look forward to waking up to an alarm in the morning.Soothing and the sleep cycle thing is brilliant. great job dev!,1
"This app is powerful and easy to use. I use it as my primary alarm clock. I haven't quite gotten the pre-alarm to wake me up, but I probably don't go to bed early enough. On that front, the integration with the sleep bot sleep tracker is very nice.",1
"Great, life-changing app.  Love its customizability - fade-ins, captchas, decreasing snooze time, ability to set songs/ringtones, pre-alarms, etc.  If I paid for apps, this would be the first I'd spend money on.",1
Bleh,0
"The concept of this alarm clock is very very simple.  It is also very very effective.  The pre-alarm feature makes this alarm clock what it is.  The basic alarm starts off at a low volume and amps up until you turn it off or after about an hour, which ev",1
"So many people commenting on the permissions but did anyone even try the app? If they had, there would probably be some negative comments about the EULA that insists you can only put it on one phone. No deal. I have one Droid, but that does not mean I wo",0
